index,symbol,messageType,seq,bidprice,bidsize,bidtimestamp,askprice,asksize,asktimestamp
0,IEX,book,1790,0.0,0.0,,0.0,0.0,
1,IEX,book,1791,0.0,0.0,,0.0,0.0,
2,IEX,book,1792,0.0,0.0,,0.0,0.0,
3,IEX,book,1793,0.0,0.0,,0.0,0.0,
4,IEX,book,1794,0.0,0.0,,197.46,100.0,2021-02-25 01:47:13
5,IEX,book,1795,0.0,0.0,,0.0,0.0,
6,IEX,book,1796,197.09,100.0,2021-02-25 01:47:20,0.0,0.0,
7,IEX,book,1797,197.27,100.0,2021-02-25 01:47:29,0.0,0.0,
9,IEX,book,1798,197.27,100.0,2021-02-25 01:47:29,0.0,0.0,
10,IEX,book,1799,0.0,0.0,,0.0,0.0,
11,IEX,book,1800,0.0,0.0,,197.51,100.0,2021-02-25 01:48:00
12,IEX,book,1801,0.0,0.0,,0.0,0.0,
13,IEX,book,1802,0.0,0.0,,0.0,0.0,
14,IEX,book,1803,0.0,0.0,,197.41,100.0,2021-02-25 01:48:38
15,IEX,book,1804,0.0,0.0,,197.41,100.0,2021-02-25 01:48:41
16,IEX,book,1805,0.0,0.0,,0.0,0.0,
18,IEX,book,1806,0.0,0.0,,0.0,0.0,
19,IEX,book,1807,197.06,100.0,2021-02-25 01:49:15,0.0,0.0,
20,IEX,book,1808,0.0,0.0,,0.0,0.0,
21,IEX,book,1809,0.0,0.0,,0.0,0.0,
23,IEX,book,1810,197.06,100.0,2021-02-25 01:49:59,0.0,0.0,
24,IEX,book,1811,0.0,0.0,,0.0,0.0,
26,IEX,book,1812,197.14,100.0,2021-02-25 01:50:57,0.0,0.0,
27,IEX,book,1813,0.0,0.0,,0.0,0.0,
28,IEX,book,1814,0.0,0.0,,197.41,100.0,2021-02-25 01:51:04
29,IEX,book,1815,0.0,0.0,,0.0,0.0,
30,IEX,book,1816,0.0,0.0,,197.41,100.0,2021-02-25 01:51:08
31,IEX,book,1817,0.0,0.0,,0.0,0.0,
32,IEX,book,1818,0.0,0.0,,0.0,0.0,
33,IEX,book,1819,0.0,0.0,,197.41,100.0,2021-02-25 01:51:28
34,IEX,book,1820,0.0,0.0,,0.0,0.0,
35,IEX,book,1821,197.14,100.0,2021-02-25 01:51:35,0.0,0.0,
36,IEX,book,1822,0.0,0.0,,0.0,0.0,
37,IEX,book,1823,197.14,100.0,2021-02-25 01:51:46,0.0,0.0,
38,IEX,book,1824,0.0,0.0,,0.0,0.0,
39,IEX,book,1825,197.14,100.0,2021-02-25 01:51:54,0.0,0.0,
41,IEX,book,1826,0.0,0.0,,0.0,0.0,
42,IEX,book,1827,0.0,0.0,,0.0,0.0,
44,IEX,book,1828,0.0,0.0,,0.0,0.0,
45,IEX,book,1829,0.0,0.0,,0.0,0.0,
46,IEX,book,1830,0.0,0.0,,197.35,100.0,2021-02-25 01:53:40
47,IEX,book,1831,0.0,0.0,,197.19,100.0,2021-02-25 01:53:52
49,IEX,book,1832,0.0,0.0,,197.17,100.0,2021-02-25 01:53:55
50,IEX,book,1833,0.0,0.0,,0.0,0.0,
51,IEX,book,1834,0.0,0.0,,197.19,100.0,2021-02-25 01:54:03
52,IEX,book,1835,0.0,0.0,,197.16,100.0,2021-02-25 01:54:20
53,IEX,book,1836,0.0,0.0,,0.0,0.0,
55,IEX,book,1837,0.0,0.0,,0.0,0.0,
56,IEX,book,1838,196.88,100.0,2021-02-25 01:55:25,0.0,0.0,
57,IEX,book,1839,0.0,0.0,,0.0,0.0,
58,IEX,book,1840,196.99,100.0,2021-02-25 01:55:31,0.0,0.0,
59,IEX,book,1841,197.09,100.0,2021-02-25 01:55:37,0.0,0.0,
60,IEX,book,1842,0.0,0.0,,0.0,0.0,
61,IEX,book,1843,197.01,100.0,2021-02-25 01:55:54,0.0,0.0,
63,IEX,book,1844,197.01,100.0,2021-02-25 01:55:54,0.0,0.0,
64,IEX,book,1845,197.01,100.0,2021-02-25 01:55:54,0.0,0.0,
65,IEX,book,1846,197.01,100.0,2021-02-25 01:55:54,0.0,0.0,
66,IEX,book,1847,197.01,100.0,2021-02-25 01:55:54,197.3,100.0,2021-02-25 01:56:17
67,IEX,book,1848,197.01,100.0,2021-02-25 01:55:54,0.0,0.0,
68,IEX,book,1849,197.01,100.0,2021-02-25 01:55:54,197.29,100.0,2021-02-25 01:56:29
69,IEX,book,1850,197.01,100.0,2021-02-25 01:55:54,197.29,100.0,2021-02-25 01:56:31
70,IEX,book,1851,196.93,100.0,2021-02-25 01:56:41,0.0,0.0,
71,IEX,book,1852,196.93,100.0,2021-02-25 01:56:41,197.25,100.0,2021-02-25 01:56:45
72,IEX,book,1853,0.0,0.0,,197.25,100.0,2021-02-25 01:56:45
73,IEX,book,1854,196.93,100.0,2021-02-25 01:56:52,197.25,100.0,2021-02-25 01:56:45
75,IEX,book,1855,196.87,100.0,2021-02-25 01:56:54,197.25,100.0,2021-02-25 01:56:45
76,IEX,book,1856,0.0,0.0,,197.25,100.0,2021-02-25 01:56:45
77,IEX,book,1857,0.0,0.0,,197.25,100.0,2021-02-25 01:57:08
78,IEX,book,1858,0.0,0.0,,197.25,100.0,2021-02-25 01:57:13
79,IEX,book,1859,0.0,0.0,,197.25,100.0,2021-02-25 01:57:15
80,IEX,book,1860,0.0,0.0,,197.25,100.0,2021-02-25 01:57:15
81,IEX,book,1861,0.0,0.0,,197.24,100.0,2021-02-25 01:57:22
82,IEX,book,1862,0.0,0.0,,197.24,100.0,2021-02-25 01:57:22
83,IEX,book,1863,196.77,100.0,2021-02-25 01:57:26,0.0,0.0,
84,IEX,book,1864,0.0,0.0,,197.25,100.0,2021-02-25 01:57:34
85,IEX,book,1865,0.0,0.0,,0.0,0.0,
86,IEX,book,1866,0.0,0.0,,0.0,0.0,
87,IEX,book,1867,0.0,0.0,,197.2,100.0,2021-02-25 01:57:46
88,IEX,book,1868,0.0,0.0,,197.2,100.0,2021-02-25 01:57:50
90,IEX,book,1869,0.0,0.0,,0.0,0.0,
91,IEX,book,1870,0.0,0.0,,197.17,100.0,2021-02-25 01:57:58
92,IEX,book,1871,0.0,0.0,,197.17,100.0,2021-02-25 01:58:00
93,IEX,book,1872,0.0,0.0,,0.0,0.0,
94,IEX,book,1873,196.91,100.0,2021-02-25 01:58:14,0.0,0.0,
95,IEX,book,1874,196.91,100.0,2021-02-25 01:58:17,0.0,0.0,
96,IEX,book,1875,0.0,0.0,,0.0,0.0,
97,IEX,book,1876,196.9,100.0,2021-02-25 01:58:44,0.0,0.0,
98,IEX,book,1877,196.96,100.0,2021-02-25 01:58:50,0.0,0.0,
99,IEX,book,1878,196.96,100.0,2021-02-25 01:58:50,0.0,0.0,
101,IEX,book,1879,0.0,0.0,,0.0,0.0,
102,IEX,book,1880,0.0,0.0,,0.0,0.0,
103,IEX,book,1881,196.96,100.0,2021-02-25 01:59:04,0.0,0.0,
104,IEX,book,1882,196.97,100.0,2021-02-25 01:59:06,0.0,0.0,
105,IEX,book,1883,196.97,100.0,2021-02-25 01:59:19,0.0,0.0,
106,IEX,book,1884,0.0,0.0,,0.0,0.0,
107,IEX,book,1885,196.98,100.0,2021-02-25 01:59:32,0.0,0.0,
108,IEX,book,1886,0.0,0.0,,0.0,0.0,
109,IEX,book,1887,196.98,100.0,2021-02-25 01:59:40,0.0,0.0,
110,IEX,book,1888,196.99,100.0,2021-02-25 01:59:53,0.0,0.0,
112,IEX,book,1889,196.99,100.0,2021-02-25 01:59:53,197.29,100.0,2021-02-25 01:59:56
113,IEX,book,1890,196.99,100.0,2021-02-25 01:59:58,197.29,100.0,2021-02-25 01:59:56
114,IEX,book,1891,0.0,0.0,,197.29,100.0,2021-02-25 01:59:56
115,IEX,book,1892,196.99,100.0,2021-02-25 02:00:06,197.29,100.0,2021-02-25 01:59:56
116,IEX,book,1893,196.99,100.0,2021-02-25 02:00:09,197.29,100.0,2021-02-25 01:59:56
117,IEX,book,1894,0.0,0.0,,197.29,100.0,2021-02-25 01:59:56
118,IEX,book,1895,197.02,100.0,2021-02-25 02:00:30,197.29,100.0,2021-02-25 01:59:56
119,IEX,book,1896,0.0,0.0,,0.0,0.0,
120,IEX,book,1897,0.0,0.0,,0.0,0.0,
121,IEX,book,1898,197.02,100.0,2021-02-25 02:00:46,197.44,100.0,2021-02-25 02:00:46
122,IEX,book,1899,197.03,100.0,2021-02-25 02:00:49,0.0,0.0,
124,IEX,book,1900,0.0,0.0,,0.0,0.0,
125,IEX,book,1901,0.0,0.0,,0.0,0.0,
126,IEX,book,1902,0.0,0.0,,0.0,0.0,
127,IEX,book,1903,197.17,100.0,2021-02-25 02:01:19,0.0,0.0,
128,IEX,book,1904,0.0,0.0,,197.45,100.0,2021-02-25 02:01:24
129,IEX,book,1905,0.0,0.0,,197.31,100.0,2021-02-25 02:01:27
130,IEX,book,1906,0.0,0.0,,197.14,100.0,2021-02-25 02:01:36
131,IEX,book,1907,0.0,0.0,,197.1,100.0,2021-02-25 02:01:45
132,IEX,book,1908,0.0,0.0,,197.14,100.0,2021-02-25 02:01:49
134,IEX,book,1909,0.0,0.0,,197.12,100.0,2021-02-25 02:02:00
135,IEX,book,1910,0.0,0.0,,197.11,100.0,2021-02-25 02:02:07
136,IEX,book,1911,0.0,0.0,,197.11,100.0,2021-02-25 02:02:08
137,IEX,book,1912,0.0,0.0,,0.0,0.0,
138,IEX,book,1913,196.9,100.0,2021-02-25 02:02:14,0.0,0.0,
139,IEX,book,1914,0.0,0.0,,197.19,100.0,2021-02-25 02:02:22
140,IEX,book,1915,0.0,0.0,,197.19,100.0,2021-02-25 02:02:22
141,IEX,book,1916,0.0,0.0,,0.0,0.0,
142,IEX,book,1917,196.75,100.0,2021-02-25 02:02:39,197.13,100.0,2021-02-25 02:02:38
143,IEX,book,1918,0.0,0.0,,197.12,100.0,2021-02-25 02:02:41
144,IEX,book,1919,0.0,0.0,,197.11,100.0,2021-02-25 02:02:44
145,IEX,book,1920,0.0,0.0,,0.0,0.0,
146,IEX,book,1921,0.0,0.0,,197.11,100.0,2021-02-25 02:02:50
147,IEX,book,1922,0.0,0.0,,0.0,0.0,
148,IEX,book,1923,0.0,0.0,,0.0,0.0,
150,IEX,book,1924,0.0,0.0,,197.09,100.0,2021-02-25 02:02:55
151,IEX,book,1925,0.0,0.0,,0.0,0.0,
152,IEX,book,1926,0.0,0.0,,0.0,0.0,
153,IEX,book,1927,0.0,0.0,,0.0,0.0,
154,IEX,book,1928,0.0,0.0,,0.0,0.0,
155,IEX,book,1929,196.73,100.0,2021-02-25 02:03:45,197.13,100.0,2021-02-25 02:03:44
156,IEX,book,1930,0.0,0.0,,197.13,100.0,2021-02-25 02:03:44
158,IEX,book,1931,0.0,0.0,,0.0,0.0,
159,IEX,book,1932,196.68,100.0,2021-02-25 02:04:33,0.0,0.0,
160,IEX,book,1933,0.0,0.0,,0.0,0.0,
161,IEX,book,1934,0.0,0.0,,0.0,0.0,
162,IEX,book,1935,0.0,0.0,,0.0,0.0,
164,IEX,book,1936,196.74,100.0,2021-02-25 02:05:01,0.0,0.0,
165,IEX,book,1937,196.74,100.0,2021-02-25 02:05:01,0.0,0.0,
166,IEX,book,1938,196.74,100.0,2021-02-25 02:05:01,0.0,0.0,
167,IEX,book,1939,196.86,100.0,2021-02-25 02:05:08,0.0,0.0,
168,IEX,book,1940,196.74,100.0,2021-02-25 02:05:12,0.0,0.0,
169,IEX,book,1941,196.75,100.0,2021-02-25 02:05:22,0.0,0.0,
170,IEX,book,1942,0.0,0.0,,0.0,0.0,
171,IEX,book,1943,0.0,0.0,,0.0,0.0,
173,IEX,book,1944,196.78,100.0,2021-02-25 02:06:02,0.0,0.0,
174,IEX,book,1945,0.0,0.0,,0.0,0.0,
175,IEX,book,1946,196.68,100.0,2021-02-25 02:06:14,0.0,0.0,
176,IEX,book,1947,196.68,100.0,2021-02-25 02:06:15,0.0,0.0,
177,IEX,book,1948,196.68,100.0,2021-02-25 02:06:15,0.0,0.0,
178,IEX,book,1949,0.0,0.0,,0.0,0.0,
179,IEX,book,1950,0.0,0.0,,196.99,100.0,2021-02-25 02:06:23
180,IEX,book,1951,0.0,0.0,,196.99,100.0,2021-02-25 02:06:23
181,IEX,book,1952,0.0,0.0,,0.0,0.0,
182,IEX,book,1953,0.0,0.0,,196.95,100.0,2021-02-25 02:06:34
183,IEX,book,1954,0.0,0.0,,0.0,0.0,
185,IEX,book,1955,0.0,0.0,,0.0,0.0,
186,IEX,book,1956,0.0,0.0,,196.68,100.0,2021-02-25 02:07:00
187,IEX,book,1957,0.0,0.0,,0.0,0.0,
188,IEX,book,1958,196.61,100.0,2021-02-25 02:07:03,0.0,0.0,
189,IEX,book,1959,196.51,100.0,2021-02-25 02:07:06,0.0,0.0,
190,IEX,book,1960,196.51,100.0,2021-02-25 02:07:06,196.99,100.0,2021-02-25 02:07:25
191,IEX,book,1961,0.0,0.0,,0.0,0.0,
192,IEX,book,1962,0.0,0.0,,0.0,0.0,
193,IEX,book,1963,0.0,0.0,,0.0,0.0,
194,IEX,book,1964,0.0,0.0,,196.96,100.0,2021-02-25 02:07:38
195,IEX,book,1965,0.0,0.0,,196.96,100.0,2021-02-25 02:07:41
196,IEX,book,1966,0.0,0.0,,196.95,100.0,2021-02-25 02:07:46
197,IEX,book,1967,0.0,0.0,,0.0,0.0,
198,IEX,book,1968,196.46,100.0,2021-02-25 02:07:54,196.81,100.0,2021-02-25 02:07:53
200,IEX,book,1969,196.46,100.0,2021-02-25 02:07:54,196.79,100.0,2021-02-25 02:07:59
201,IEX,book,1970,196.46,100.0,2021-02-25 02:07:54,196.77,100.0,2021-02-25 02:08:05
202,IEX,book,1971,196.46,100.0,2021-02-25 02:07:54,196.75,100.0,2021-02-25 02:08:18
203,IEX,book,1972,0.0,0.0,,196.75,100.0,2021-02-25 02:08:18
204,IEX,book,1973,196.34,100.0,2021-02-25 02:08:28,196.75,100.0,2021-02-25 02:08:18
205,IEX,book,1974,196.35,100.0,2021-02-25 02:08:32,196.75,100.0,2021-02-25 02:08:18
206,IEX,book,1975,0.0,0.0,,196.74,100.0,2021-02-25 02:08:35
207,IEX,book,1976,0.0,0.0,,196.64,100.0,2021-02-25 02:08:42
208,IEX,book,1977,196.34,100.0,2021-02-25 02:08:44,196.64,100.0,2021-02-25 02:08:42
209,IEX,book,1978,0.0,0.0,,196.64,100.0,2021-02-25 02:08:42
210,IEX,book,1979,0.0,0.0,,196.57,100.0,2021-02-25 02:08:54
212,IEX,book,1980,0.0,0.0,,196.57,100.0,2021-02-25 02:08:54
213,IEX,book,1981,0.0,0.0,,196.56,100.0,2021-02-25 02:08:58
214,IEX,book,1982,0.0,0.0,,0.0,0.0,
215,IEX,book,1983,0.0,0.0,,196.56,100.0,2021-02-25 02:09:17
216,IEX,book,1984,0.0,0.0,,196.52,100.0,2021-02-25 02:09:29
217,IEX,book,1985,0.0,0.0,,0.0,0.0,
218,IEX,book,1986,0.0,0.0,,0.0,0.0,
220,IEX,book,1987,0.0,0.0,,0.0,0.0,
221,IEX,book,1988,0.0,0.0,,196.52,100.0,2021-02-25 02:10:08
222,IEX,book,1989,0.0,0.0,,0.0,0.0,
223,IEX,book,1990,0.0,0.0,,0.0,0.0,
224,IEX,book,1991,0.0,0.0,,0.0,0.0,
225,IEX,book,1992,196.59,100.0,2021-02-25 02:10:15,0.0,0.0,
226,IEX,book,1993,196.58,100.0,2021-02-25 02:10:16,196.97,100.0,2021-02-25 02:10:17
227,IEX,book,1994,0.0,0.0,,0.0,0.0,
228,IEX,book,1995,196.58,100.0,2021-02-25 02:10:24,0.0,0.0,
229,IEX,book,1996,0.0,0.0,,0.0,0.0,
230,IEX,book,1997,196.59,100.0,2021-02-25 02:10:28,0.0,0.0,
231,IEX,book,1998,0.0,0.0,,196.89,100.0,2021-02-25 02:10:32
232,IEX,book,1999,0.0,0.0,,196.89,100.0,2021-02-25 02:10:34
233,IEX,book,2000,0.0,0.0,,0.0,0.0,
234,IEX,book,2001,0.0,0.0,,196.9,100.0,2021-02-25 02:10:49
235,IEX,book,2002,0.0,0.0,,196.88,100.0,2021-02-25 02:10:52
237,IEX,book,2003,0.0,0.0,,0.0,0.0,
238,IEX,book,2004,0.0,0.0,,0.0,0.0,
239,IEX,book,2005,0.0,0.0,,0.0,0.0,
240,IEX,book,2006,0.0,0.0,,196.94,100.0,2021-02-25 02:11:10
241,IEX,book,2007,0.0,0.0,,0.0,0.0,
242,IEX,book,2008,0.0,0.0,,0.0,0.0,
243,IEX,book,2009,0.0,0.0,,196.9,100.0,2021-02-25 02:11:28
244,IEX,book,2010,0.0,0.0,,196.94,100.0,2021-02-25 02:11:31
245,IEX,book,2011,0.0,0.0,,196.93,100.0,2021-02-25 02:11:36
246,IEX,book,2012,0.0,0.0,,0.0,0.0,
247,IEX,book,2013,0.0,0.0,,196.88,100.0,2021-02-25 02:11:48
248,IEX,book,2014,0.0,0.0,,196.88,100.0,2021-02-25 02:11:54
250,IEX,book,2015,0.0,0.0,,196.8,100.0,2021-02-25 02:11:57
251,IEX,book,2016,0.0,0.0,,196.7,100.0,2021-02-25 02:12:00
252,IEX,book,2017,0.0,0.0,,196.7,100.0,2021-02-25 02:12:00
253,IEX,book,2018,0.0,0.0,,196.69,100.0,2021-02-25 02:12:30
254,IEX,book,2019,0.0,0.0,,196.68,100.0,2021-02-25 02:12:39
256,IEX,book,2020,0.0,0.0,,196.79,100.0,2021-02-25 02:12:59
257,IEX,book,2021,0.0,0.0,,0.0,0.0,
258,IEX,book,2022,0.0,0.0,,196.76,100.0,2021-02-25 02:13:04
259,IEX,book,2023,0.0,0.0,,196.77,100.0,2021-02-25 02:13:07
260,IEX,book,2024,196.37,100.0,2021-02-25 02:13:37,196.62,100.0,2021-02-25 02:13:37
261,IEX,book,2025,0.0,0.0,,0.0,0.0,
262,IEX,book,2026,196.41,100.0,2021-02-25 02:13:54,196.72,100.0,2021-02-25 02:13:53
264,IEX,book,2027,196.41,100.0,2021-02-25 02:13:54,0.0,0.0,
265,IEX,book,2028,196.41,100.0,2021-02-25 02:13:54,196.76,100.0,2021-02-25 02:14:05
266,IEX,book,2029,196.41,100.0,2021-02-25 02:13:54,196.75,100.0,2021-02-25 02:14:10
267,IEX,book,2030,0.0,0.0,,196.75,100.0,2021-02-25 02:14:10
268,IEX,book,2031,196.41,100.0,2021-02-25 02:14:32,196.75,100.0,2021-02-25 02:14:10
269,IEX,book,2032,196.42,100.0,2021-02-25 02:14:38,0.0,0.0,
270,IEX,book,2033,196.42,100.0,2021-02-25 02:14:38,196.75,100.0,2021-02-25 02:14:40
271,IEX,book,2034,196.42,100.0,2021-02-25 02:14:38,196.74,100.0,2021-02-25 02:14:53
273,IEX,book,2035,196.42,100.0,2021-02-25 02:14:38,196.73,100.0,2021-02-25 02:14:58
274,IEX,book,2036,0.0,0.0,,196.64,100.0,2021-02-25 02:15:12
275,IEX,book,2037,0.0,0.0,,196.63,100.0,2021-02-25 02:15:14
276,IEX,book,2038,0.0,0.0,,196.52,100.0,2021-02-25 02:15:18
277,IEX,book,2039,0.0,0.0,,196.52,100.0,2021-02-25 02:15:18
278,IEX,book,2040,0.0,0.0,,0.0,0.0,
279,IEX,book,2041,0.0,0.0,,196.5,100.0,2021-02-25 02:15:26
280,IEX,book,2042,196.21,100.0,2021-02-25 02:15:30,196.51,100.0,2021-02-25 02:15:31
281,IEX,book,2043,0.0,0.0,,196.49,100.0,2021-02-25 02:15:34
282,IEX,book,2044,0.0,0.0,,0.0,0.0,
283,IEX,book,2045,0.0,0.0,,196.61,100.0,2021-02-25 02:15:42
284,IEX,book,2046,0.0,0.0,,196.6,100.0,2021-02-25 02:15:45
285,IEX,book,2047,196.29,100.0,2021-02-25 02:15:54,196.6,100.0,2021-02-25 02:15:45
286,IEX,book,2048,196.39,100.0,2021-02-25 02:15:55,0.0,0.0,
288,IEX,book,2049,196.29,100.0,2021-02-25 02:16:00,196.58,100.0,2021-02-25 02:15:59
289,IEX,book,2050,196.38,100.0,2021-02-25 02:16:07,0.0,0.0,
290,IEX,book,2051,196.29,100.0,2021-02-25 02:16:13,0.0,0.0,
291,IEX,book,2052,196.29,100.0,2021-02-25 02:16:13,196.58,100.0,2021-02-25 02:16:16
292,IEX,book,2053,196.38,100.0,2021-02-25 02:16:18,0.0,0.0,
293,IEX,book,2054,0.0,0.0,,196.58,100.0,2021-02-25 02:16:21
294,IEX,book,2055,0.0,0.0,,196.58,100.0,2021-02-25 02:16:21
295,IEX,book,2056,196.29,100.0,2021-02-25 02:16:25,196.58,100.0,2021-02-25 02:16:21
296,IEX,book,2057,0.0,0.0,,196.58,100.0,2021-02-25 02:16:29
297,IEX,book,2058,0.0,0.0,,196.58,100.0,2021-02-25 02:16:29
298,IEX,book,2059,0.0,0.0,,196.58,100.0,2021-02-25 02:16:29
299,IEX,book,2060,196.29,100.0,2021-02-25 02:16:41,196.58,100.0,2021-02-25 02:16:29
300,IEX,book,2061,0.0,0.0,,196.58,100.0,2021-02-25 02:16:29
301,IEX,book,2062,0.0,0.0,,196.58,100.0,2021-02-25 02:16:29
302,IEX,book,2063,0.0,0.0,,196.58,100.0,2021-02-25 02:16:51
304,IEX,book,2064,0.0,0.0,,196.58,100.0,2021-02-25 02:16:51
305,IEX,book,2065,0.0,0.0,,196.58,100.0,2021-02-25 02:16:51
306,IEX,book,2066,0.0,0.0,,196.58,100.0,2021-02-25 02:16:51
307,IEX,book,2067,0.0,0.0,,196.59,100.0,2021-02-25 02:17:05
308,IEX,book,2068,196.46,100.0,2021-02-25 02:17:06,0.0,0.0,
309,IEX,book,2069,196.36,100.0,2021-02-25 02:17:09,196.77,100.0,2021-02-25 02:17:11
310,IEX,book,2070,196.36,100.0,2021-02-25 02:17:09,0.0,0.0,
311,IEX,book,2071,196.36,100.0,2021-02-25 02:17:09,0.0,0.0,
312,IEX,book,2072,196.36,100.0,2021-02-25 02:17:09,0.0,0.0,
313,IEX,book,2073,196.4,100.0,2021-02-25 02:17:35,0.0,0.0,
314,IEX,book,2074,196.4,100.0,2021-02-25 02:17:35,0.0,0.0,
315,IEX,book,2075,196.4,100.0,2021-02-25 02:17:35,0.0,0.0,
316,IEX,book,2076,196.41,100.0,2021-02-25 02:17:49,0.0,0.0,
318,IEX,book,2077,196.32,100.0,2021-02-25 02:18:08,0.0,0.0,
319,IEX,book,2078,196.33,100.0,2021-02-25 02:18:10,0.0,0.0,
320,IEX,book,2079,0.0,0.0,,0.0,0.0,
321,IEX,book,2080,196.32,100.0,2021-02-25 02:18:24,0.0,0.0,
322,IEX,book,2081,196.33,100.0,2021-02-25 02:18:28,0.0,0.0,
323,IEX,book,2082,196.33,100.0,2021-02-25 02:18:28,196.67,100.0,2021-02-25 02:18:30
324,IEX,book,2083,0.0,0.0,,196.65,100.0,2021-02-25 02:18:37
325,IEX,book,2084,0.0,0.0,,196.65,100.0,2021-02-25 02:18:37
327,IEX,book,2085,0.0,0.0,,0.0,0.0,
328,IEX,book,2086,0.0,0.0,,0.0,0.0,
329,IEX,book,2087,0.0,0.0,,0.0,0.0,
330,IEX,book,2088,0.0,0.0,,196.58,100.0,2021-02-25 02:19:20
331,IEX,book,2089,0.0,0.0,,0.0,0.0,
333,IEX,book,2090,196.24,100.0,2021-02-25 02:20:00,0.0,0.0,
334,IEX,book,2091,196.33,100.0,2021-02-25 02:20:08,0.0,0.0,
335,IEX,book,2092,196.39,100.0,2021-02-25 02:20:16,0.0,0.0,
336,IEX,book,2093,196.39,100.0,2021-02-25 02:20:16,0.0,0.0,
337,IEX,book,2094,196.39,100.0,2021-02-25 02:20:16,0.0,0.0,
338,IEX,book,2095,196.39,100.0,2021-02-25 02:20:16,0.0,0.0,
339,IEX,book,2096,0.0,0.0,,0.0,0.0,
341,IEX,book,2097,0.0,0.0,,0.0,0.0,
342,IEX,book,2098,0.0,0.0,,0.0,0.0,
343,IEX,book,2099,0.0,0.0,,0.0,0.0,
345,IEX,book,2100,0.0,0.0,,0.0,0.0,
346,IEX,book,2101,196.43,100.0,2021-02-25 02:22:12,0.0,0.0,
347,IEX,book,2102,0.0,0.0,,0.0,0.0,
348,IEX,book,2103,0.0,0.0,,0.0,0.0,
349,IEX,book,2104,0.0,0.0,,0.0,0.0,
350,IEX,book,2105,0.0,0.0,,0.0,0.0,
351,IEX,book,2106,0.0,0.0,,0.0,0.0,
353,IEX,book,2107,0.0,0.0,,0.0,0.0,
354,IEX,book,2108,0.0,0.0,,196.55,100.0,2021-02-25 02:23:02
355,IEX,book,2109,0.0,0.0,,0.0,0.0,
356,IEX,book,2110,196.23,100.0,2021-02-25 02:23:12,0.0,0.0,
357,IEX,book,2111,196.23,100.0,2021-02-25 02:23:21,0.0,0.0,
358,IEX,book,2112,196.23,100.0,2021-02-25 02:23:24,0.0,0.0,
359,IEX,book,2113,0.0,0.0,,196.53,100.0,2021-02-25 02:23:29
360,IEX,book,2114,0.0,0.0,,196.49,100.0,2021-02-25 02:23:32
361,IEX,book,2115,0.0,0.0,,0.0,0.0,
362,IEX,book,2116,0.0,0.0,,0.0,0.0,
364,IEX,book,2117,0.0,0.0,,0.0,0.0,
365,IEX,book,2118,0.0,0.0,,0.0,0.0,
366,IEX,book,2119,0.0,0.0,,0.0,0.0,
367,IEX,book,2120,0.0,0.0,,0.0,0.0,
368,IEX,book,2121,0.0,0.0,,196.44,100.0,2021-02-25 02:24:48
369,IEX,book,2122,196.19,100.0,2021-02-25 02:24:53,196.44,100.0,2021-02-25 02:24:48
371,IEX,book,2123,196.19,100.0,2021-02-25 02:24:53,196.47,100.0,2021-02-25 02:25:02
372,IEX,book,2124,196.19,100.0,2021-02-25 02:25:10,196.47,100.0,2021-02-25 02:25:02
373,IEX,book,2125,196.19,100.0,2021-02-25 02:25:13,196.47,100.0,2021-02-25 02:25:13
374,IEX,book,2126,196.28,100.0,2021-02-25 02:25:20,0.0,0.0,
375,IEX,book,2127,196.34,100.0,2021-02-25 02:25:21,0.0,0.0,
376,IEX,book,2128,196.38,100.0,2021-02-25 02:25:30,0.0,0.0,
377,IEX,book,2129,196.47,100.0,2021-02-25 02:25:35,0.0,0.0,
378,IEX,book,2130,196.47,100.0,2021-02-25 02:25:35,0.0,0.0,
379,IEX,book,2131,196.39,100.0,2021-02-25 02:25:40,0.0,0.0,
380,IEX,book,2132,196.4,100.0,2021-02-25 02:25:41,0.0,0.0,
381,IEX,book,2133,196.4,100.0,2021-02-25 02:25:41,0.0,0.0,
382,IEX,book,2134,0.0,0.0,,0.0,0.0,
384,IEX,book,2135,0.0,0.0,,196.63,100.0,2021-02-25 02:25:57
385,IEX,book,2136,0.0,0.0,,196.63,100.0,2021-02-25 02:26:04
386,IEX,book,2137,0.0,0.0,,196.7,100.0,2021-02-25 02:26:13
387,IEX,book,2138,196.34,100.0,2021-02-25 02:26:15,196.72,100.0,2021-02-25 02:26:16
388,IEX,book,2139,196.34,100.0,2021-02-25 02:26:15,0.0,0.0,
389,IEX,book,2140,196.35,100.0,2021-02-25 02:26:23,0.0,0.0,
390,IEX,book,2141,196.35,100.0,2021-02-25 02:26:23,0.0,0.0,
391,IEX,book,2142,196.35,100.0,2021-02-25 02:26:23,196.72,100.0,2021-02-25 02:26:31
392,IEX,book,2143,196.35,100.0,2021-02-25 02:26:23,0.0,0.0,
393,IEX,book,2144,0.0,0.0,,0.0,0.0,
395,IEX,book,2145,0.0,0.0,,0.0,0.0,
396,IEX,book,2146,196.25,100.0,2021-02-25 02:27:03,0.0,0.0,
397,IEX,book,2147,0.0,0.0,,0.0,0.0,
398,IEX,book,2148,196.25,100.0,2021-02-25 02:27:42,0.0,0.0,
399,IEX,book,2149,196.25,100.0,2021-02-25 02:27:42,0.0,0.0,
400,IEX,book,2150,196.25,100.0,2021-02-25 02:27:52,0.0,0.0,
401,IEX,book,2151,196.25,100.0,2021-02-25 02:27:52,196.64,100.0,2021-02-25 02:27:54
403,IEX,book,2152,196.35,100.0,2021-02-25 02:27:58,0.0,0.0,
404,IEX,book,2153,0.0,0.0,,0.0,0.0,
405,IEX,book,2154,0.0,0.0,,196.64,100.0,2021-02-25 02:28:15
406,IEX,book,2155,0.0,0.0,,196.64,100.0,2021-02-25 02:28:18
407,IEX,book,2156,0.0,0.0,,0.0,0.0,
408,IEX,book,2157,0.0,0.0,,196.64,100.0,2021-02-25 02:28:28
409,IEX,book,2158,0.0,0.0,,0.0,0.0,
410,IEX,book,2159,196.25,100.0,2021-02-25 02:28:36,196.59,100.0,2021-02-25 02:28:36
411,IEX,book,2160,196.25,100.0,2021-02-25 02:28:36,196.58,100.0,2021-02-25 02:28:39
412,IEX,book,2161,196.25,100.0,2021-02-25 02:28:41,196.58,100.0,2021-02-25 02:28:39
413,IEX,book,2162,0.0,0.0,,196.57,100.0,2021-02-25 02:28:45
414,IEX,book,2163,0.0,0.0,,0.0,0.0,
415,IEX,book,2164,0.0,0.0,,196.56,100.0,2021-02-25 02:28:53
417,IEX,book,2165,0.0,0.0,,0.0,0.0,
418,IEX,book,2166,0.0,0.0,,0.0,0.0,
419,IEX,book,2167,196.25,100.0,2021-02-25 02:29:28,0.0,0.0,
420,IEX,book,2168,196.25,100.0,2021-02-25 02:29:31,0.0,0.0,
421,IEX,book,2169,196.25,100.0,2021-02-25 02:29:37,0.0,0.0,
422,IEX,book,2170,196.25,100.0,2021-02-25 02:29:37,196.59,100.0,2021-02-25 02:29:40
423,IEX,book,2171,196.25,100.0,2021-02-25 02:29:44,196.59,100.0,2021-02-25 02:29:44
424,IEX,book,2172,0.0,0.0,,196.59,100.0,2021-02-25 02:29:53
426,IEX,book,2173,196.25,100.0,2021-02-25 02:30:02,196.57,100.0,2021-02-25 02:30:00
427,IEX,book,2174,0.0,0.0,,196.55,100.0,2021-02-25 02:30:07
428,IEX,book,2175,0.0,0.0,,0.0,0.0,
429,IEX,book,2176,196.27,100.0,2021-02-25 02:30:16,0.0,0.0,
430,IEX,book,2177,0.0,0.0,,0.0,0.0,
431,IEX,book,2178,196.47,100.0,2021-02-25 02:30:26,0.0,0.0,
432,IEX,book,2179,0.0,0.0,,0.0,0.0,
433,IEX,book,2180,0.0,0.0,,196.71,100.0,2021-02-25 02:30:35
434,IEX,book,2181,0.0,0.0,,196.7,100.0,2021-02-25 02:30:37
435,IEX,book,2182,196.23,100.0,2021-02-25 02:30:40,196.59,100.0,2021-02-25 02:30:39
436,IEX,book,2183,0.0,0.0,,196.59,100.0,2021-02-25 02:30:39
437,IEX,book,2184,196.27,100.0,2021-02-25 02:30:48,196.59,100.0,2021-02-25 02:30:39
438,IEX,book,2185,196.27,100.0,2021-02-25 02:30:48,196.58,100.0,2021-02-25 02:30:51
440,IEX,book,2186,0.0,0.0,,196.41,100.0,2021-02-25 02:31:02
441,IEX,book,2187,0.0,0.0,,196.33,100.0,2021-02-25 02:31:08
442,IEX,book,2188,0.0,0.0,,196.31,100.0,2021-02-25 02:31:12
443,IEX,book,2189,0.0,0.0,,196.24,100.0,2021-02-25 02:31:13
444,IEX,book,2190,196.03,100.0,2021-02-25 02:31:18,196.24,100.0,2021-02-25 02:31:13
445,IEX,book,2191,0.0,0.0,,196.24,100.0,2021-02-25 02:31:13
447,IEX,book,2192,196.03,100.0,2021-02-25 02:31:59,196.24,100.0,2021-02-25 02:31:13
448,IEX,book,2193,196.03,100.0,2021-02-25 02:31:59,0.0,0.0,
449,IEX,book,2194,196.03,100.0,2021-02-25 02:31:59,0.0,0.0,
450,IEX,book,2195,196.03,100.0,2021-02-25 02:31:59,196.33,100.0,2021-02-25 02:32:23
451,IEX,book,2196,0.0,0.0,,196.33,100.0,2021-02-25 02:32:23
452,IEX,book,2197,0.0,0.0,,0.0,0.0,
453,IEX,book,2198,0.0,0.0,,196.27,100.0,2021-02-25 02:32:41
455,IEX,book,2199,0.0,0.0,,0.0,0.0,
456,IEX,book,2200,196.03,100.0,2021-02-25 02:33:04,0.0,0.0,
457,IEX,book,2201,196.03,100.0,2021-02-25 02:33:04,196.33,100.0,2021-02-25 02:33:06
458,IEX,book,2202,196.03,100.0,2021-02-25 02:33:04,0.0,0.0,
459,IEX,book,2203,196.03,100.0,2021-02-25 02:33:04,0.0,0.0,
460,IEX,book,2204,196.03,100.0,2021-02-25 02:33:04,0.0,0.0,
461,IEX,book,2205,196.03,100.0,2021-02-25 02:33:04,196.33,100.0,2021-02-25 02:33:15
462,IEX,book,2206,0.0,0.0,,0.0,0.0,
463,IEX,book,2207,196.03,100.0,2021-02-25 02:33:27,196.33,100.0,2021-02-25 02:33:27
464,IEX,book,2208,196.03,100.0,2021-02-25 02:33:27,196.33,100.0,2021-02-25 02:33:33
465,IEX,book,2209,196.03,100.0,2021-02-25 02:33:27,196.33,100.0,2021-02-25 02:33:35
466,IEX,book,2210,196.03,100.0,2021-02-25 02:33:27,196.33,100.0,2021-02-25 02:33:39
467,IEX,book,2211,196.03,100.0,2021-02-25 02:33:27,196.33,100.0,2021-02-25 02:33:43
468,IEX,book,2212,196.03,100.0,2021-02-25 02:33:27,0.0,0.0,
469,IEX,book,2213,196.11,100.0,2021-02-25 02:33:45,0.0,0.0,
470,IEX,book,2214,0.0,0.0,,0.0,0.0,
472,IEX,book,2215,0.0,0.0,,196.36,100.0,2021-02-25 02:34:02
473,IEX,book,2216,0.0,0.0,,0.0,0.0,
474,IEX,book,2217,0.0,0.0,,196.36,100.0,2021-02-25 02:34:11
475,IEX,book,2218,0.0,0.0,,196.36,100.0,2021-02-25 02:34:19
476,IEX,book,2219,0.0,0.0,,196.35,100.0,2021-02-25 02:34:24
477,IEX,book,2220,0.0,0.0,,0.0,0.0,
478,IEX,book,2221,0.0,0.0,,196.36,100.0,2021-02-25 02:34:34
479,IEX,book,2222,0.0,0.0,,0.0,0.0,
480,IEX,book,2223,196.18,100.0,2021-02-25 02:34:44,0.0,0.0,
481,IEX,book,2224,196.12,100.0,2021-02-25 02:34:47,0.0,0.0,
482,IEX,book,2225,0.0,0.0,,0.0,0.0,
484,IEX,book,2226,196.04,100.0,2021-02-25 02:35:00,196.31,100.0,2021-02-25 02:35:00
485,IEX,book,2227,196.05,100.0,2021-02-25 02:35:00,196.29,100.0,2021-02-25 02:35:00
486,IEX,book,2228,195.95,100.0,2021-02-25 02:35:04,196.28,100.0,2021-02-25 02:35:02
487,IEX,book,2229,195.95,100.0,2021-02-25 02:35:05,196.28,100.0,2021-02-25 02:35:02
488,IEX,book,2230,195.95,100.0,2021-02-25 02:35:07,196.28,100.0,2021-02-25 02:35:02
489,IEX,book,2231,195.94,100.0,2021-02-25 02:35:04,196.28,100.0,2021-02-25 02:35:02
490,IEX,book,2232,195.94,100.0,2021-02-25 02:35:04,0.0,0.0,
491,IEX,book,2233,195.95,100.0,2021-02-25 02:35:21,196.29,100.0,2021-02-25 02:35:21
492,IEX,book,2234,195.95,100.0,2021-02-25 02:35:27,196.28,100.0,2021-02-25 02:35:29
493,IEX,book,2235,195.94,100.0,2021-02-25 02:35:04,196.28,100.0,2021-02-25 02:35:29
494,IEX,book,2236,0.0,0.0,,196.22,100.0,2021-02-25 02:35:41
495,IEX,book,2237,0.0,0.0,,196.22,100.0,2021-02-25 02:35:41
496,IEX,book,2238,0.0,0.0,,196.22,100.0,2021-02-25 02:35:41
498,IEX,book,2239,0.0,0.0,,196.27,100.0,2021-02-25 02:35:57
499,IEX,book,2240,0.0,0.0,,196.26,100.0,2021-02-25 02:36:01
500,IEX,book,2241,0.0,0.0,,196.25,100.0,2021-02-25 02:36:08
501,IEX,book,2242,0.0,0.0,,0.0,0.0,
502,IEX,book,2243,0.0,0.0,,196.21,100.0,2021-02-25 02:36:16
503,IEX,book,2244,0.0,0.0,,0.0,0.0,
504,IEX,book,2245,0.0,0.0,,196.21,100.0,2021-02-25 02:36:22
505,IEX,book,2246,0.0,0.0,,0.0,0.0,
506,IEX,book,2247,195.73,100.0,2021-02-25 02:36:37,196.12,100.0,2021-02-25 02:36:37
507,IEX,book,2248,0.0,0.0,,196.12,100.0,2021-02-25 02:36:37
508,IEX,book,2249,0.0,0.0,,0.0,0.0,
509,IEX,book,2250,0.0,0.0,,0.0,0.0,
511,IEX,book,2251,195.8,100.0,2021-02-25 02:37:02,0.0,0.0,
512,IEX,book,2252,195.8,100.0,2021-02-25 02:37:02,0.0,0.0,
513,IEX,book,2253,0.0,0.0,,0.0,0.0,
515,IEX,book,2254,0.0,0.0,,196.08,100.0,2021-02-25 02:38:34
516,IEX,book,2255,195.87,100.0,2021-02-25 02:38:38,196.08,100.0,2021-02-25 02:38:34
517,IEX,book,2256,195.97,100.0,2021-02-25 02:38:49,0.0,0.0,
518,IEX,book,2257,0.0,0.0,,196.16,100.0,2021-02-25 02:38:50
519,IEX,book,2258,195.97,100.0,2021-02-25 02:38:53,0.0,0.0,
521,IEX,book,2259,195.98,100.0,2021-02-25 02:39:05,0.0,0.0,
522,IEX,book,2260,195.96,100.0,2021-02-25 02:39:06,196.19,100.0,2021-02-25 02:39:06
523,IEX,book,2261,195.96,100.0,2021-02-25 02:39:06,196.19,100.0,2021-02-25 02:39:06
524,IEX,book,2262,0.0,0.0,,0.0,0.0,
525,IEX,book,2263,0.0,0.0,,0.0,0.0,
526,IEX,book,2264,196.2,100.0,2021-02-25 02:39:32,0.0,0.0,
527,IEX,book,2265,196.2,100.0,2021-02-25 02:39:32,0.0,0.0,
528,IEX,book,2266,196.27,100.0,2021-02-25 02:39:49,0.0,0.0,
529,IEX,book,2267,196.2,100.0,2021-02-25 02:39:32,0.0,0.0,
530,IEX,book,2268,196.27,100.0,2021-02-25 02:39:53,0.0,0.0,
532,IEX,book,2269,196.2,100.0,2021-02-25 02:39:32,0.0,0.0,
533,IEX,book,2270,196.2,100.0,2021-02-25 02:39:32,0.0,0.0,
534,IEX,book,2271,0.0,0.0,,0.0,0.0,
535,IEX,book,2272,196.11,100.0,2021-02-25 02:40:12,0.0,0.0,
536,IEX,book,2273,196.11,100.0,2021-02-25 02:40:17,0.0,0.0,
537,IEX,book,2274,0.0,0.0,,0.0,0.0,
538,IEX,book,2275,0.0,0.0,,0.0,0.0,
539,IEX,book,2276,0.0,0.0,,196.5,100.0,2021-02-25 02:40:25
540,IEX,book,2277,0.0,0.0,,0.0,0.0,
541,IEX,book,2278,0.0,0.0,,0.0,0.0,
542,IEX,book,2279,196.11,100.0,2021-02-25 02:40:50,0.0,0.0,
543,IEX,book,2280,196.11,100.0,2021-02-25 02:40:52,0.0,0.0,
544,IEX,book,2281,0.0,0.0,,0.0,0.0,
546,IEX,book,2282,0.0,0.0,,0.0,0.0,
548,IEX,book,2283,196.21,100.0,2021-02-25 02:42:09,0.0,0.0,
549,IEX,book,2284,196.22,100.0,2021-02-25 02:42:10,0.0,0.0,
550,IEX,book,2285,196.22,100.0,2021-02-25 02:42:10,0.0,0.0,
551,IEX,book,2286,196.22,100.0,2021-02-25 02:42:10,0.0,0.0,
552,IEX,book,2287,196.22,100.0,2021-02-25 02:42:10,0.0,0.0,
553,IEX,book,2288,196.22,100.0,2021-02-25 02:42:10,0.0,0.0,
554,IEX,book,2289,196.25,100.0,2021-02-25 02:42:30,0.0,0.0,
555,IEX,book,2290,196.25,100.0,2021-02-25 02:42:30,0.0,0.0,
556,IEX,book,2291,0.0,0.0,,0.0,0.0,
558,IEX,book,2292,196.31,100.0,2021-02-25 02:43:06,0.0,0.0,
559,IEX,book,2293,196.31,100.0,2021-02-25 02:43:06,0.0,0.0,
560,IEX,book,2294,196.43,100.0,2021-02-25 02:43:17,0.0,0.0,
561,IEX,book,2295,196.47,100.0,2021-02-25 02:43:20,0.0,0.0,
562,IEX,book,2296,196.47,100.0,2021-02-25 02:43:20,0.0,0.0,
563,IEX,book,2297,0.0,0.0,,0.0,0.0,
564,IEX,book,2298,196.59,100.0,2021-02-25 02:43:30,0.0,0.0,
565,IEX,book,2299,196.61,100.0,2021-02-25 02:43:33,0.0,0.0,
566,IEX,book,2300,0.0,0.0,,0.0,0.0,
567,IEX,book,2301,196.65,100.0,2021-02-25 02:43:53,0.0,0.0,
568,IEX,book,2302,0.0,0.0,,196.81,100.0,2021-02-25 02:43:56
570,IEX,book,2303,0.0,0.0,,196.66,100.0,2021-02-25 02:44:01
571,IEX,book,2304,196.46,100.0,2021-02-25 02:44:08,196.66,100.0,2021-02-25 02:44:01
572,IEX,book,2305,196.46,100.0,2021-02-25 02:44:10,196.66,100.0,2021-02-25 02:44:01
573,IEX,book,2306,196.46,100.0,2021-02-25 02:44:10,0.0,0.0,
574,IEX,book,2307,196.48,100.0,2021-02-25 02:44:12,0.0,0.0,
575,IEX,book,2308,0.0,0.0,,0.0,0.0,
576,IEX,book,2309,0.0,0.0,,0.0,0.0,
577,IEX,book,2310,0.0,0.0,,0.0,0.0,
578,IEX,book,2311,196.41,100.0,2021-02-25 02:44:35,0.0,0.0,
579,IEX,book,2312,0.0,0.0,,0.0,0.0,
580,IEX,book,2313,0.0,0.0,,0.0,0.0,
581,IEX,book,2314,196.51,100.0,2021-02-25 02:44:43,0.0,0.0,
582,IEX,book,2315,0.0,0.0,,0.0,0.0,
583,IEX,book,2316,0.0,0.0,,0.0,0.0,
584,IEX,book,2317,196.51,100.0,2021-02-25 02:44:53,0.0,0.0,
586,IEX,book,2318,0.0,0.0,,0.0,0.0,
587,IEX,book,2319,0.0,0.0,,0.0,0.0,
588,IEX,book,2320,196.52,100.0,2021-02-25 02:45:07,0.0,0.0,
589,IEX,book,2321,0.0,0.0,,0.0,0.0,
590,IEX,book,2322,196.54,100.0,2021-02-25 02:45:15,0.0,0.0,
591,IEX,book,2323,0.0,0.0,,0.0,0.0,
592,IEX,book,2324,196.66,100.0,2021-02-25 02:45:19,0.0,0.0,
593,IEX,book,2325,0.0,0.0,,0.0,0.0,
594,IEX,book,2326,196.77,100.0,2021-02-25 02:45:28,0.0,0.0,
595,IEX,book,2327,196.77,100.0,2021-02-25 02:45:28,197.19,100.0,2021-02-25 02:45:33
596,IEX,book,2328,196.77,100.0,2021-02-25 02:45:28,0.0,0.0,
597,IEX,book,2329,196.79,100.0,2021-02-25 02:45:36,0.0,0.0,
598,IEX,book,2330,196.84,100.0,2021-02-25 02:45:40,0.0,0.0,
599,IEX,book,2331,196.77,100.0,2021-02-25 02:45:28,0.0,0.0,
600,IEX,book,2332,196.82,100.0,2021-02-25 02:45:47,0.0,0.0,
601,IEX,book,2333,196.75,100.0,2021-02-25 02:45:51,0.0,0.0,
602,IEX,book,2334,0.0,0.0,,0.0,0.0,
604,IEX,book,2335,0.0,0.0,,0.0,0.0,
605,IEX,book,2336,0.0,0.0,,197.11,100.0,2021-02-25 02:46:01
606,IEX,book,2337,0.0,0.0,,197.11,100.0,2021-02-25 02:46:05
607,IEX,book,2338,196.73,100.0,2021-02-25 02:46:10,0.0,0.0,
608,IEX,book,2339,196.73,100.0,2021-02-25 02:46:10,197.11,100.0,2021-02-25 02:46:12
609,IEX,book,2340,196.73,100.0,2021-02-25 02:46:15,0.0,0.0,
610,IEX,book,2341,196.73,100.0,2021-02-25 02:46:21,0.0,0.0,
611,IEX,book,2342,196.82,100.0,2021-02-25 02:46:23,0.0,0.0,
612,IEX,book,2343,0.0,0.0,,0.0,0.0,
613,IEX,book,2344,0.0,0.0,,0.0,0.0,
614,IEX,book,2345,0.0,0.0,,0.0,0.0,
615,IEX,book,2346,0.0,0.0,,0.0,0.0,
616,IEX,book,2347,0.0,0.0,,0.0,0.0,
617,IEX,book,2348,196.89,100.0,2021-02-25 02:46:45,197.21,100.0,2021-02-25 02:46:46
618,IEX,book,2349,196.89,100.0,2021-02-25 02:46:45,197.21,100.0,2021-02-25 02:46:46
619,IEX,book,2350,197.0,100.0,2021-02-25 02:46:53,197.21,100.0,2021-02-25 02:46:46
620,IEX,book,2351,196.89,100.0,2021-02-25 02:46:45,197.21,100.0,2021-02-25 02:46:46
622,IEX,book,2352,196.89,100.0,2021-02-25 02:46:45,197.21,100.0,2021-02-25 02:46:46
623,IEX,book,2353,0.0,0.0,,0.0,0.0,
624,IEX,book,2354,196.82,100.0,2021-02-25 02:47:13,197.05,100.0,2021-02-25 02:47:13
625,IEX,book,2355,196.62,100.0,2021-02-25 02:47:13,197.05,100.0,2021-02-25 02:47:13
626,IEX,book,2356,196.74,100.0,2021-02-25 02:47:13,197.05,100.0,2021-02-25 02:47:13
627,IEX,book,2357,196.74,100.0,2021-02-25 02:47:13,197.04,100.0,2021-02-25 02:47:16
628,IEX,book,2358,196.77,100.0,2021-02-25 02:47:22,0.0,0.0,
629,IEX,book,2359,196.88,100.0,2021-02-25 02:47:31,197.17,100.0,2021-02-25 02:47:33
630,IEX,book,2360,196.88,100.0,2021-02-25 02:47:31,197.15,100.0,2021-02-25 02:47:35
631,IEX,book,2361,196.88,100.0,2021-02-25 02:47:31,0.0,0.0,
632,IEX,book,2362,196.82,100.0,2021-02-25 02:47:42,0.0,0.0,
633,IEX,book,2363,196.91,100.0,2021-02-25 02:47:43,0.0,0.0,
634,IEX,book,2364,196.99,100.0,2021-02-25 02:47:49,197.34,100.0,2021-02-25 02:47:49
635,IEX,book,2365,197.03,100.0,2021-02-25 02:47:50,197.42,100.0,2021-02-25 02:47:50
636,IEX,book,2366,197.16,100.0,2021-02-25 02:47:54,197.5,100.0,2021-02-25 02:47:53
638,IEX,book,2367,197.16,100.0,2021-02-25 02:47:54,197.49,100.0,2021-02-25 02:47:57
639,IEX,book,2368,197.04,100.0,2021-02-25 02:47:52,197.48,100.0,2021-02-25 02:48:01
640,IEX,book,2369,197.04,100.0,2021-02-25 02:47:52,197.48,100.0,2021-02-25 02:48:01
641,IEX,book,2370,197.07,100.0,2021-02-25 02:48:08,197.34,100.0,2021-02-25 02:48:07
642,IEX,book,2371,197.04,100.0,2021-02-25 02:47:52,197.43,100.0,2021-02-25 02:48:16
643,IEX,book,2372,197.06,100.0,2021-02-25 02:48:17,197.41,100.0,2021-02-25 02:48:19
644,IEX,book,2373,197.06,100.0,2021-02-25 02:48:17,197.41,100.0,2021-02-25 02:48:19
645,IEX,book,2374,197.07,100.0,2021-02-25 02:48:24,0.0,0.0,
646,IEX,book,2375,0.0,0.0,,197.31,100.0,2021-02-25 02:48:35
647,IEX,book,2376,0.0,0.0,,197.35,100.0,2021-02-25 02:48:40
648,IEX,book,2377,0.0,0.0,,197.35,100.0,2021-02-25 02:48:40
650,IEX,book,2378,0.0,0.0,,197.35,100.0,2021-02-25 02:48:57
651,IEX,book,2379,0.0,0.0,,197.35,100.0,2021-02-25 02:48:57
652,IEX,book,2380,0.0,0.0,,197.35,100.0,2021-02-25 02:48:57
653,IEX,book,2381,0.0,0.0,,197.27,100.0,2021-02-25 02:49:17
654,IEX,book,2382,0.0,0.0,,197.27,100.0,2021-02-25 02:49:22
655,IEX,book,2383,196.92,100.0,2021-02-25 02:49:25,197.27,100.0,2021-02-25 02:49:22
656,IEX,book,2384,0.0,0.0,,197.27,100.0,2021-02-25 02:49:22
657,IEX,book,2385,197.0,100.0,2021-02-25 02:49:36,197.29,100.0,2021-02-25 02:49:36
658,IEX,book,2386,197.01,100.0,2021-02-25 02:49:40,197.29,100.0,2021-02-25 02:49:36
659,IEX,book,2387,196.97,100.0,2021-02-25 02:49:50,197.37,100.0,2021-02-25 02:49:50
660,IEX,book,2388,0.0,0.0,,197.37,100.0,2021-02-25 02:49:50
662,IEX,book,2389,0.0,0.0,,197.19,100.0,2021-02-25 02:49:58
663,IEX,book,2390,0.0,0.0,,0.0,0.0,
664,IEX,book,2391,196.93,100.0,2021-02-25 02:50:13,0.0,0.0,
665,IEX,book,2392,196.93,100.0,2021-02-25 02:50:13,0.0,0.0,
666,IEX,book,2393,196.97,100.0,2021-02-25 02:50:20,0.0,0.0,
667,IEX,book,2394,196.97,100.0,2021-02-25 02:50:20,0.0,0.0,
668,IEX,book,2395,0.0,0.0,,197.25,100.0,2021-02-25 02:50:34
669,IEX,book,2396,0.0,0.0,,0.0,0.0,
670,IEX,book,2397,196.97,100.0,2021-02-25 02:50:46,197.27,100.0,2021-02-25 02:50:47
671,IEX,book,2398,0.0,0.0,,0.0,0.0,
672,IEX,book,2399,0.0,0.0,,0.0,0.0,
673,IEX,book,2400,196.97,100.0,2021-02-25 02:50:53,0.0,0.0,
675,IEX,book,2401,196.99,100.0,2021-02-25 02:50:57,0.0,0.0,
676,IEX,book,2402,0.0,0.0,,197.27,100.0,2021-02-25 02:51:01
677,IEX,book,2403,197.02,100.0,2021-02-25 02:51:09,0.0,0.0,
678,IEX,book,2404,0.0,0.0,,0.0,0.0,
679,IEX,book,2405,0.0,0.0,,0.0,0.0,
