,date,close,high,low,open,symbol,volume,id,key,subkey,updated,changeOverTime,marketChangeOverTime,uOpen,uClose,uHigh,uLow,uVolume,fOpen,fClose,fHigh,fLow,fVolume,label,change,changePercent
250,2020-03-09 00:00:00,135.69,140.82,132.8,135.95,IEX,929178,HISTORICAL_PRICES,IEX,,2021-01-13 06:16:43,-0.31455849666599317,-0.31455849666599317,135.95,135.69,140.82,132.8,929178,134.3848,134.1278,139.1988,131.2711,929178,"Mar 9, 20",-8.759999999999991,-0.0606
249,2020-03-10 00:00:00,144.45,144.51,136.95,139.95,IEX,774838,HISTORICAL_PRICES,IEX,,2021-01-13 06:16:35,-0.27030713275409185,-0.27030713275409185,139.95,144.45,144.51,136.95,774838,138.3388,142.787,142.8463,135.3733,774838,"Mar 10, 20",9.579999999999984,0.071
248,2020-03-11 00:00:00,134.87,140.74,133.97,140.34,IEX,520614,HISTORICAL_PRICES,IEX,,2021-01-13 06:16:51,-0.318700747625783,-0.318700747625783,140.34,134.87,140.74,133.97,520614,138.7243,133.3173,139.1197,132.4276,520614,"Mar 11, 20",11.730000000000004,0.0953
247,2020-03-12 00:00:00,123.14,135.19,122.475,125.69,IEX,1103885,HISTORICAL_PRICES,IEX,,2021-01-13 06:16:55,-0.3779551424530208,-0.3779551424530208,125.69,123.14,135.19,122.475,1103885,124.243,121.7223,133.6336,121.065,1103885,"Mar 12, 20",-7.709999999999994,-0.0589
246,2020-03-13 00:00:00,130.85,130.89,121.96,130.89,IEX,1185539,HISTORICAL_PRICES,IEX,,2021-01-13 06:16:35,-0.3390078803798748,-0.3390078803798748,130.89,130.85,130.89,121.96,1185539,129.3831,129.3436,129.3831,120.5559,1185539,"Mar 13, 20",15.149999999999991,0.1309
245,2020-03-16 00:00:00,115.7,123.46,115.01,116.67,IEX,816011,HISTORICAL_PRICES,IEX,,2021-01-13 06:16:53,-0.4155384926247727,-0.4155384926247727,116.67,115.7,123.46,115.01,816011,115.3268,114.368,122.0386,113.6859,816011,"Mar 16, 20",-10.259999999999991,-0.0815
244,2020-03-17 00:00:00,125.96,126.35,117.1588,118.33,IEX,959691,HISTORICAL_PRICES,IEX,,2021-01-13 06:16:49,-0.3637098403717923,-0.3637098403717923,118.33,125.96,126.35,117.1588,959691,116.9677,124.5099,124.8954,115.81,959691,"Mar 17, 20",11.959999999999994,0.1049
243,2020-03-18 00:00:00,114.0,119.585,104.555,109.91,IEX,1052117,HISTORICAL_PRICES,IEX,,2021-01-13 06:16:51,-0.42412608607799557,-0.42412608607799557,109.91,114.0,119.585,104.555,1052117,108.6446,112.6875,118.2082,103.3513,1052117,"Mar 18, 20",-9.36,-0.0759
242,2020-03-19 00:00:00,123.36,124.922,111.57,113.38,IEX,1286094,HISTORICAL_PRICES,IEX,,2021-01-13 06:16:35,-0.37684380682966256,-0.37684380682966256,113.38,123.36,124.922,111.57,1286094,112.0747,121.9398,123.4838,110.2855,1286094,"Mar 19, 20",6.8799999999999955,0.0591
241,2020-03-20 00:00:00,116.48,125.41,114.8,125.41,IEX,1066603,HISTORICAL_PRICES,IEX,,2021-01-13 06:16:51,-0.4115983026874116,-0.4115983026874116,125.41,116.48,125.41,114.8,1066603,123.9662,115.139,123.9662,113.4783,1066603,"Mar 20, 20",1.8299999999999983,0.016
240,2020-03-23 00:00:00,114.65,120.255,109.721,115.65,IEX,944969,HISTORICAL_PRICES,IEX,,2021-01-13 06:16:44,-0.42084259446352795,-0.42084259446352795,115.65,114.65,120.255,109.721,944969,114.3185,113.3301,118.8705,108.4578,944969,"Mar 23, 20",-5.339999999999989,-0.0445
239,2020-03-24 00:00:00,119.99,121.435,116.26,120.33,IEX,1354041,HISTORICAL_PRICES,IEX,,2021-01-13 06:16:45,-0.3938674479692868,-0.3938674479692868,120.33,119.99,121.435,116.26,1354041,118.9447,118.6086,120.0369,114.9215,1354041,"Mar 24, 20",0.6299999999999955,0.0053
238,2020-03-25 00:00:00,119.36,125.065,118.54,119.84,IEX,1326673,HISTORICAL_PRICES,IEX,,2021-01-13 06:16:57,-0.39704990907253995,-0.39704990907253995,119.84,119.36,125.065,118.54,1326673,118.4603,117.9858,123.6252,117.1753,1326673,"Mar 25, 20",-6.450000000000003,-0.0513
237,2020-03-26 00:00:00,125.81,127.475,117.02,120.48,IEX,1468034,HISTORICAL_PRICES,IEX,,2021-01-13 06:16:53,-0.3644675692059002,-0.3644675692059002,120.48,125.81,127.475,117.02,1468034,119.0929,124.3616,126.0074,115.6728,1468034,"Mar 26, 20",-5.3700000000000045,-0.0409
236,2020-03-27 00:00:00,131.18,134.19,121.62,122.66,IEX,860208,HISTORICAL_PRICES,IEX,,2021-01-13 06:16:56,-0.33734087694483733,-0.33734087694483733,122.66,131.18,134.19,121.62,860208,121.2478,129.6698,132.6451,120.2198,860208,"Mar 27, 20",-5.699999999999989,-0.0416
235,2020-03-30 00:00:00,136.88,137.595,127.48,132.45,IEX,940936,HISTORICAL_PRICES,IEX,,2021-01-13 06:16:36,-0.30854718124873715,-0.30854718124873715,132.45,136.88,137.595,127.48,940936,130.9251,135.3041,136.0109,126.0124,940936,"Mar 30, 20",-1.2300000000000182,-0.0089
234,2020-03-31 00:00:00,138.11,140.7,135.2,138.71,IEX,1064308,HISTORICAL_PRICES,IEX,,2021-01-13 06:16:36,-0.3023338048090523,-0.3023338048090523,138.71,138.11,140.7,135.2,1064308,137.1131,136.52,139.0802,133.6435,1064308,"Mar 31, 20",4.910000000000025,0.0369
233,2020-04-01 00:00:00,133.2,135.33,130.74,132.75,IEX,1031174,HISTORICAL_PRICES,IEX,,2021-01-13 06:16:45,-0.32713679531218437,-0.32713679531218437,132.75,133.2,135.33,130.74,1031174,131.2217,131.6665,133.772,129.2348,1031174,"Apr 1, 20",-3.180000000000007,-0.0233
232,2020-04-02 00:00:00,136.38,138.34,132.68,132.68,IEX,971329,HISTORICAL_PRICES,IEX,,2021-01-13 06:16:46,-0.31107294402909685,-0.31107294402909685,132.68,136.38,138.34,132.68,971329,131.1525,134.8099,136.7473,131.1525,971329,"Apr 2, 20",-2.1299999999999955,-0.0154
231,2020-04-03 00:00:00,138.51,139.4,135.02,135.02,IEX,852320,HISTORICAL_PRICES,IEX,,2021-01-13 06:16:44,-0.3003131945847647,-0.3003131945847647,135.02,138.51,139.4,135.02,852320,133.4655,136.9154,137.7951,133.4655,852320,"Apr 3, 20",-5.450000000000017,-0.0379
230,2020-04-06 00:00:00,143.96,145.95,142.56,143.26,IEX,1056570,HISTORICAL_PRICES,IEX,,2021-01-13 06:16:36,-0.2727823802788442,-0.2727823802788442,143.26,143.96,145.95,142.56,1056570,141.6107,142.3026,144.2697,140.9187,1056570,"Apr 6, 20",-2.1299999999999955,-0.0146
229,2020-04-07 00:00:00,146.09,151.06,145.76,148.04,IEX,902144,HISTORICAL_PRICES,IEX,,2021-01-13 06:16:59,-0.26202263083451205,-0.26202263083451205,148.04,146.09,151.06,145.76,902144,146.3356,144.4081,149.3209,144.0819,902144,"Apr 7, 20",-4.909999999999997,-0.0325
228,2020-04-08 00:00:00,151.0,152.56,145.14,145.81,IEX,571583,HISTORICAL_PRICES,IEX,,2021-01-13 06:16:57,-0.2372196403313801,-0.2372196403313801,145.81,151.0,152.56,145.14,571583,144.1313,149.2616,150.8036,143.469,571583,"Apr 8, 20",-0.5200000000000102,-0.0034
227,2020-04-09 00:00:00,151.52,155.28,150.61,152.66,IEX,573013,HISTORICAL_PRICES,IEX,,2021-01-13 06:16:51,-0.234592847039806,-0.234592847039806,152.66,151.52,155.28,150.61,573013,150.9025,149.7756,153.4923,148.8761,573013,"Apr 9, 20",4.890000000000015,0.0333
226,2020-04-13 00:00:00,146.63,152.77,145.28,151.58,IEX,470291,HISTORICAL_PRICES,IEX,,2021-01-13 06:16:43,-0.25929480703172364,-0.25929480703172364,151.58,146.63,152.77,145.28,470291,149.8349,144.9419,151.0112,143.6074,470291,"Apr 13, 20",-3.5900000000000034,-0.0239
225,2020-04-14 00:00:00,150.22,152.09,148.96,150.09,IEX,537676,HISTORICAL_PRICES,IEX,,2021-01-13 06:16:53,-0.2411598302687412,-0.2411598302687412,150.09,150.22,152.09,148.96,537676,148.362,148.4906,150.339,147.2451,537676,"Apr 14, 20",4.819999999999993,0.0331
224,2020-04-15 00:00:00,145.4,147.28,143.28,146.24,IEX,451688,HISTORICAL_PRICES,IEX,,2021-01-13 06:16:52,-0.26550818347140837,-0.26550818347140837,146.24,145.4,147.28,143.28,451688,144.5564,143.726,145.5844,141.6304,451688,"Apr 15, 20",-1.4300000000000068,-0.0097
223,2020-04-16 00:00:00,146.83,147.22,143.12,145.6,IEX,496446,HISTORICAL_PRICES,IEX,,2021-01-13 06:16:59,-0.2582845019195797,-0.2582845019195797,145.6,146.83,147.22,143.12,496446,143.9237,145.1396,145.5251,141.4723,496446,"Apr 16, 20",-5.899999999999977,-0.0386
222,2020-04-17 00:00:00,152.73,153.63,150.15,150.27,IEX,550450,HISTORICAL_PRICES,IEX,,2021-01-13 06:16:45,-0.2284805011113357,-0.2284805011113357,150.27,152.73,153.63,150.15,550450,148.54,150.9717,151.8613,148.4214,550450,"Apr 17, 20",1.1499999999999773,0.0076
221,2020-04-20 00:00:00,151.58,153.085,148.29,150.57,IEX,389059,HISTORICAL_PRICES,IEX,,2021-01-13 06:16:51,-0.23428975550616282,-0.23428975550616282,150.57,151.58,153.085,148.29,389059,148.8365,149.8349,151.3226,146.5828,389059,"Apr 20, 20",2.950000000000017,0.0198
220,2020-04-21 00:00:00,148.63,150.35,146.7,148.08,IEX,457371,HISTORICAL_PRICES,IEX,,2021-01-13 06:16:57,-0.24919175591028495,-0.24919175591028495,148.08,148.63,150.35,146.7,457371,146.3752,146.9189,148.6191,145.0111,457371,"Apr 21, 20",-3.030000000000001,-0.02
219,2020-04-22 00:00:00,151.66,152.49,147.59,151.71,IEX,415780,HISTORICAL_PRICES,IEX,,2021-01-13 06:16:43,-0.23388563346130536,-0.23388563346130536,151.71,151.66,152.49,147.59,415780,149.9634,149.914,150.7344,145.8908,415780,"Apr 22, 20",-0.700000000000017,-0.0046
218,2020-04-23 00:00:00,152.36,155.37,151.32,151.5,IEX,536424,HISTORICAL_PRICES,IEX,,2021-01-13 06:16:52,-0.23034956556880173,-0.23034956556880173,151.5,152.36,155.37,151.32,536424,149.7558,150.6059,153.5813,149.5779,536424,"Apr 23, 20",-0.3599999999999852,-0.0024
217,2020-04-24 00:00:00,152.72,154.21,143.63,146.37,IEX,772475,HISTORICAL_PRICES,IEX,,2021-01-13 06:16:46,-0.22853101636694284,-0.22853101636694284,146.37,152.72,154.21,143.63,772475,144.6849,150.9618,152.4346,141.9764,772475,"Apr 24, 20",-3.569999999999993,-0.0228
216,2020-04-27 00:00:00,156.29,157.3,153.02,154.77,IEX,543303,HISTORICAL_PRICES,IEX,,2021-01-13 06:16:46,-0.21049707011517485,-0.21049707011517485,154.77,156.29,157.3,153.02,543303,152.9882,154.4907,155.489,151.2583,543303,"Apr 27, 20",-1.490000000000009,-0.0094
215,2020-04-28 00:00:00,157.78,162.12,155.98,158.5,IEX,496038,HISTORICAL_PRICES,IEX,,2021-01-13 06:16:43,-0.20297029702970298,-0.20297029702970298,158.5,157.78,162.12,155.98,496038,156.6752,155.9635,160.2535,154.1842,496038,"Apr 28, 20",-0.09999999999999432,-0.0006
214,2020-04-29 00:00:00,157.88,161.65,156.85,160.0,IEX,470468,HISTORICAL_PRICES,IEX,,2021-01-13 06:16:55,-0.2024651444736311,-0.2024651444736311,160.0,157.88,161.65,156.85,470468,158.158,156.0624,159.789,155.0442,470468,"Apr 29, 20",4.25,0.0277
213,2020-04-30 00:00:00,153.63,156.25,152.97,156.22,IEX,660264,HISTORICAL_PRICES,IEX,,2021-01-13 06:16:53,-0.22393412810668828,-0.22393412810668828,156.22,153.63,156.25,152.97,660264,154.4215,151.8613,154.4511,151.2089,660264,"Apr 30, 20",2.3400000000000034,0.0155
212,2020-05-01 00:00:00,151.29,153.03,149.7,151.63,IEX,362771,HISTORICAL_PRICES,IEX,,2021-01-13 06:16:58,-0.23575469791877154,-0.23575469791877154,151.63,151.29,153.03,149.7,362771,149.8843,149.5482,151.2682,147.9765,362771,"May 1, 20",0.6599999999999966,0.0044
211,2020-05-04 00:00:00,150.63,150.77,147.43,150.0,IEX,406347,HISTORICAL_PRICES,IEX,,2021-01-13 06:16:49,-0.23908870478884628,-0.23908870478884628,150.0,150.63,150.77,147.43,406347,148.2731,148.8958,149.0342,145.7327,406347,"May 4, 20",-1.1500000000000057,-0.0076
210,2020-05-05 00:00:00,151.78,153.87,151.49,152.76,IEX,346698,HISTORICAL_PRICES,IEX,,2021-01-13 06:16:53,-0.233279450394019,-0.233279450394019,152.76,151.78,153.87,151.49,346698,151.0013,150.0326,152.0985,149.7459,346698,"May 5, 20",0.0800000000000125,0.0005
209,2020-05-06 00:00:00,151.7,153.09,150.25,152.38,IEX,512431,HISTORICAL_PRICES,IEX,,2021-01-13 06:16:52,-0.23368357243887664,-0.23368357243887664,152.38,151.7,153.09,150.25,512431,150.6257,149.9535,151.3275,148.5202,512431,"May 6, 20",-1.700000000000017,-0.0111
208,2020-05-07 00:00:00,153.4,155.21,152.89,154.1,IEX,448247,HISTORICAL_PRICES,IEX,,2021-01-13 06:16:59,-0.22509597898565367,-0.22509597898565367,154.1,153.4,155.21,152.89,448247,152.3259,151.6339,153.4231,151.1298,448247,"May 7, 20",-1.299999999999983,-0.0084
207,2020-05-08 00:00:00,154.7,157.97,153.62,155.82,IEX,479512,HISTORICAL_PRICES,IEX,,2021-01-13 06:16:57,-0.2185289957567186,-0.2185289957567186,155.82,154.7,157.97,153.62,479512,154.0261,152.919,156.1513,151.8514,479512,"May 8, 20",1.1399999999999864,0.0074
206,2020-05-11 00:00:00,153.56,153.9,150.86,153.09,IEX,491882,HISTORICAL_PRICES,IEX,,2021-01-13 06:16:36,-0.2242877348959386,-0.2242877348959386,153.09,153.56,153.9,150.86,491882,151.3275,151.7921,152.1282,149.1232,491882,"May 11, 20",5.490000000000009,0.0371
205,2020-05-12 00:00:00,148.07,153.96,148.0,153.96,IEX,347471,HISTORICAL_PRICES,IEX,,2021-01-13 06:16:58,-0.2520206102242878,-0.2520206102242878,153.96,148.07,153.96,148.0,347471,152.1875,146.3653,152.1875,146.2961,347471,"May 12, 20",1.2699999999999818,0.0087
204,2020-05-13 00:00:00,146.8,148.84,144.31,147.67,IEX,573769,HISTORICAL_PRICES,IEX,,2021-01-13 06:16:36,-0.25843604768640127,-0.25843604768640127,147.67,146.8,148.84,144.31,573769,145.9699,145.1099,147.1264,142.6486,573769,"May 13, 20",-2.2299999999999898,-0.015
203,2020-05-14 00:00:00,149.03,149.24,141.86,144.42,IEX,752911,HISTORICAL_PRICES,IEX,,2021-01-13 06:16:49,-0.24717114568599718,-0.24717114568599718,144.42,149.03,149.24,141.86,752911,143.2452,147.8177,148.026,140.706,752911,"May 14, 20",0.6100000000000136,0.0041
202,2020-05-15 00:00:00,148.42,152.89,147.93,148.14,IEX,2239506,HISTORICAL_PRICES,IEX,,2021-01-13 06:16:35,-0.25025257627803604,-0.25025257627803604,148.14,148.42,152.89,147.93,2239506,146.935,147.2127,151.6463,146.7267,2239506,"May 15, 20",-6.210000000000008,-0.0402
201,2020-05-18 00:00:00,154.63,155.63,152.46,152.46,IEX,452702,HISTORICAL_PRICES,IEX,,2021-01-13 06:16:58,-0.21888260254596895,-0.21888260254596895,152.46,154.63,155.63,152.46,452702,151.2198,153.3722,154.364,151.2198,452702,"May 18, 20",3.4799999999999898,0.023
200,2020-05-19 00:00:00,151.15,155.4,150.93,154.21,IEX,440488,HISTORICAL_PRICES,IEX,,2021-01-13 06:16:51,-0.23646191149727216,-0.23646191149727216,154.21,151.15,155.4,150.93,440488,152.9556,149.9205,154.1359,149.7023,440488,"May 19, 20",-1.2199999999999989,-0.008
199,2020-05-20 00:00:00,152.37,154.75,152.01,152.93,IEX,402182,HISTORICAL_PRICES,IEX,,2021-01-13 06:16:46,-0.2302990503131946,-0.2302990503131946,152.93,152.37,154.75,152.01,402182,151.686,151.1305,153.4912,150.7735,402182,"May 20, 20",0.8100000000000023,0.0053
198,2020-05-21 00:00:00,151.56,152.51,149.69,151.94,IEX,376782,HISTORICAL_PRICES,IEX,,2021-01-13 06:16:36,-0.23439078601737726,-0.23439078601737726,151.94,151.56,152.51,149.69,376782,150.704,150.3271,151.2694,148.4723,376782,"May 21, 20",1.1100000000000136,0.0074
197,2020-05-22 00:00:00,150.45,151.94,148.825,151.55,IEX,383211,HISTORICAL_PRICES,IEX,,2021-01-13 06:16:45,-0.2399979793897758,-0.2399979793897758,151.55,150.45,151.94,148.825,383211,150.3172,149.2262,150.704,147.6144,383211,"May 22, 20",-4.640000000000015,-0.0299
196,2020-05-26 00:00:00,155.09,157.03,153.7,154.2,IEX,398872,HISTORICAL_PRICES,IEX,,2021-01-13 06:16:35,-0.216558900788038,-0.216558900788038,154.2,155.09,157.03,153.7,398872,152.9457,153.8284,155.7526,152.4497,398872,"May 26, 20",-4.1200000000000045,-0.0259
195,2020-05-27 00:00:00,159.21,159.32,155.49,157.39,IEX,509031,HISTORICAL_PRICES,IEX,,2021-01-13 06:16:56,-0.1957466154778743,-0.1957466154778743,157.39,159.21,159.32,155.49,509031,156.1097,157.9149,158.024,154.2252,509031,"May 27, 20",1.740000000000009,0.011
194,2020-05-28 00:00:00,157.47,160.984,156.99,160.68,IEX,657661,HISTORICAL_PRICES,IEX,,2021-01-13 06:16:57,-0.204536269953526,-0.204536269953526,160.68,157.47,160.984,156.99,657661,159.3729,156.1891,159.6745,155.713,657661,"May 28, 20",-1.9000000000000057,-0.0119
193,2020-05-29 00:00:00,159.37,159.66,155.7606,156.93,IEX,538068,HISTORICAL_PRICES,IEX,,2021-01-13 06:16:52,-0.19493837138815923,-0.19493837138815923,156.93,159.37,159.66,155.7606,538068,155.6535,158.0736,158.3612,154.4936,538068,"May 29, 20",1.25,0.0079
192,2020-06-01 00:00:00,158.12,160.46,157.01,159.51,IEX,361093,HISTORICAL_PRICES,IEX,,2021-01-13 06:16:35,-0.2012527783390584,-0.2012527783390584,159.51,158.12,160.46,157.01,361093,158.2125,156.8338,159.1547,155.7328,361093,"Jun 1, 20",-1.7800000000000011,-0.0111
191,2020-06-02 00:00:00,159.9,159.92,157.65,158.78,IEX,475787,HISTORICAL_PRICES,IEX,,2021-01-13 06:16:44,-0.192261062840978,-0.192261062840978,158.78,159.9,159.92,157.65,475787,157.4884,158.5993,158.6191,156.3676,475787,"Jun 2, 20",-5.960000000000008,-0.0359
190,2020-06-03 00:00:00,165.86,166.21,161.16,161.45,IEX,657690,HISTORICAL_PRICES,IEX,,2021-01-13 06:16:58,-0.1621539704990907,-0.1621539704990907,161.45,165.86,166.21,161.16,657690,160.1367,164.5108,164.858,159.849,657690,"Jun 3, 20",1.9000000000000057,0.0116
189,2020-06-04 00:00:00,163.96,164.4,162.315,164.4,IEX,484399,HISTORICAL_PRICES,IEX,,2021-01-13 06:16:44,-0.17175186906445747,-0.17175186906445747,164.4,163.96,164.4,162.315,484399,163.0627,162.6263,163.0627,160.9947,484399,"Jun 4, 20",-3.329999999999984,-0.0199
188,2020-06-05 00:00:00,167.29,167.8,163.75,167.39,IEX,469579,HISTORICAL_PRICES,IEX,,2021-01-13 06:16:53,-0.15493028894726216,-0.15493028894726216,167.39,167.29,167.8,163.75,469579,166.0284,165.9292,166.435,162.418,469579,"Jun 5, 20",0.4299999999999784,0.0026
187,2020-06-08 00:00:00,166.86,169.18,165.44,167.16,IEX,545779,HISTORICAL_PRICES,IEX,,2021-01-13 06:16:58,-0.15710244493837136,-0.15710244493837136,167.16,166.86,169.18,165.44,545779,165.8002,165.5027,167.8038,164.0942,545779,"Jun 8, 20",4.75,0.0293
186,2020-06-09 00:00:00,162.11,165.91,161.88,165.07,IEX,501518,HISTORICAL_PRICES,IEX,,2021-01-13 06:16:53,-0.1810971913517882,-0.1810971913517882,165.07,162.11,165.91,161.88,501518,163.7272,160.7913,164.5604,160.5632,501518,"Jun 9, 20",1.9300000000000068,0.012
185,2020-06-10 00:00:00,160.18,163.3,159.715,162.51,IEX,416224,HISTORICAL_PRICES,IEX,,2021-01-13 06:16:49,-0.19084663568397656,-0.19084663568397656,162.51,160.18,163.3,159.715,416224,161.1881,158.877,161.9716,158.4158,416224,"Jun 10, 20",9.060000000000002,0.06
184,2020-06-11 00:00:00,151.12,156.27,151.03,156.15,IEX,656448,HISTORICAL_PRICES,IEX,,2021-01-13 06:16:55,-0.23661345726409377,-0.23661345726409377,156.15,151.12,156.27,151.03,656448,154.8798,149.8907,154.9988,149.8014,656448,"Jun 11, 20",-1.4699999999999989,-0.0096
183,2020-06-12 00:00:00,152.59,155.51,149.23,155.51,IEX,592831,HISTORICAL_PRICES,IEX,,2021-01-13 06:16:49,-0.22918771468983634,-0.22918771468983634,155.51,152.59,155.51,149.23,592831,154.245,151.3488,154.245,148.0161,592831,"Jun 12, 20",-0.12999999999999545,-0.0009
182,2020-06-15 00:00:00,152.72,154.02,148.45,149.26,IEX,456068,HISTORICAL_PRICES,IEX,,2021-01-13 06:16:58,-0.22853101636694284,-0.22853101636694284,149.26,152.72,154.02,148.45,456068,148.0458,151.4777,152.7671,147.2424,456068,"Jun 15, 20",-2.2700000000000102,-0.0146
181,2020-06-16 00:00:00,154.99,158.56,152.91,157.27,IEX,353638,HISTORICAL_PRICES,IEX,,2021-01-13 06:16:58,-0.21706405334410991,-0.21706405334410991,157.27,154.99,158.56,152.91,353638,155.9907,153.7292,157.2702,151.6662,353638,"Jun 16, 20",0.3100000000000023,0.002
180,2020-06-17 00:00:00,154.68,156.49,154.15,155.77,IEX,322018,HISTORICAL_PRICES,IEX,,2021-01-13 06:16:56,-0.2186300262679329,-0.2186300262679329,155.77,154.68,156.49,154.15,322018,154.5029,153.4218,155.217,152.8961,322018,"Jun 17, 20",1.5699999999999932,0.0103
179,2020-06-18 00:00:00,153.11,155.12,152.32,153.89,IEX,308125,HISTORICAL_PRICES,IEX,,2021-01-13 06:16:55,-0.22656092139826223,-0.22656092139826223,153.89,153.11,155.12,152.32,308125,152.6382,151.8645,153.8582,151.081,308125,"Jun 18, 20",-0.12999999999999545,-0.0008
178,2020-06-19 00:00:00,153.24,156.23,151.79,156.23,IEX,545518,HISTORICAL_PRICES,IEX,,2021-01-13 06:16:56,-0.22590422307536875,-0.22590422307536875,156.23,153.24,156.23,151.79,545518,154.9591,151.9935,154.9591,150.5553,545518,"Jun 19, 20",-0.19999999999998863,-0.0013
177,2020-06-22 00:00:00,153.44,154.58,150.63,151.76,IEX,392884,HISTORICAL_PRICES,IEX,,2021-01-13 06:16:35,-0.22489391796322494,-0.22489391796322494,151.76,153.44,154.58,150.63,392884,150.5255,152.1918,153.3226,149.4047,392884,"Jun 22, 20",-0.8600000000000136,-0.0056
176,2020-06-23 00:00:00,154.3,155.95,154.19,155.01,IEX,447508,HISTORICAL_PRICES,IEX,,2021-01-13 06:16:44,-0.22054960598100623,-0.22054960598100623,155.01,154.3,155.95,154.19,447508,153.7491,153.0448,154.6814,152.9357,447508,"Jun 23, 20",5.5400000000000205,0.0372
175,2020-06-24 00:00:00,148.76,152.81,148.42,152.81,IEX,426142,HISTORICAL_PRICES,IEX,,2021-01-13 06:16:57,-0.24853505758739147,-0.24853505758739147,152.81,148.76,152.81,148.42,426142,151.567,147.5499,151.567,147.2127,426142,"Jun 24, 20",-3.430000000000007,-0.0225
174,2020-06-25 00:00:00,152.19,152.3,145.85,148.7,IEX,559282,HISTORICAL_PRICES,IEX,,2021-01-13 06:16:59,-0.2312083249141241,-0.2312083249141241,148.7,152.19,152.3,145.85,559282,147.4904,150.952,151.0611,144.6636,559282,"Jun 25, 20",-2.569999999999993,-0.0166
173,2020-06-26 00:00:00,154.76,155.58,151.5,151.6,IEX,1808621,HISTORICAL_PRICES,IEX,,2021-01-13 06:16:56,-0.21822590422307545,-0.21822590422307545,151.6,154.76,155.58,151.5,1808621,150.3668,153.5011,154.3144,150.2676,1808621,"Jun 26, 20",0.37000000000000455,0.0024
172,2020-06-29 00:00:00,154.39,156.05,153.49,155.84,IEX,412019,HISTORICAL_PRICES,IEX,,2021-01-13 06:16:51,-0.22009496868054162,-0.22009496868054162,155.84,154.39,156.05,153.49,412019,154.5723,153.1341,154.7806,152.2414,412019,"Jun 29, 20",-3.6500000000000057,-0.0231
171,2020-06-30 00:00:00,158.04,159.03,153.43,153.86,IEX,411052,HISTORICAL_PRICES,IEX,,2021-01-13 06:16:52,-0.201656900383916,-0.201656900383916,153.86,158.04,159.03,153.43,411052,152.6084,156.7544,157.7364,152.1819,411052,"Jun 30, 20",2.1999999999999886,0.0141
170,2020-07-01 00:00:00,155.84,158.47,155.275,158.25,IEX,264067,HISTORICAL_PRICES,IEX,,2021-01-13 06:16:56,-0.2127702566174985,-0.2127702566174985,158.25,155.84,158.47,155.275,264067,156.9627,154.5723,157.1809,154.0119,264067,"Jul 1, 20",-2.049999999999983,-0.013
169,2020-07-02 00:00:00,157.89,160.0,156.88,157.45,IEX,347155,HISTORICAL_PRICES,IEX,,2021-01-13 06:16:51,-0.20241462921802394,-0.20241462921802394,157.45,157.89,160.0,156.88,347155,156.1692,156.6056,158.6985,155.6039,347155,"Jul 2, 20",-2.140000000000015,-0.0134
168,2020-07-06 00:00:00,160.03,160.69,158.24,160.35,IEX,350252,HISTORICAL_PRICES,IEX,,2021-01-13 06:16:56,-0.1916043645180845,-0.1916043645180845,160.35,160.03,160.69,158.24,350252,159.0456,158.7282,159.3829,156.9528,350252,"Jul 6, 20",1.6999999999999886,0.0107
167,2020-07-07 00:00:00,158.33,160.62,157.62,158.9,IEX,229392,HISTORICAL_PRICES,IEX,,2021-01-13 06:16:57,-0.20019195797130732,-0.20019195797130732,158.9,158.33,160.62,157.62,229392,157.6074,157.0421,159.3134,156.3378,229392,"Jul 7, 20",0.5200000000000102,0.0033
166,2020-07-08 00:00:00,157.81,159.1,156.69,158.41,IEX,180046,HISTORICAL_PRICES,IEX,,2021-01-13 06:16:53,-0.2028187512628814,-0.2028187512628814,158.41,157.81,159.1,156.69,180046,157.1214,156.5263,157.8058,155.4154,180046,"Jul 8, 20",0.6200000000000045,0.0039
165,2020-07-09 00:00:00,157.19,158.39,155.16,156.94,IEX,315099,HISTORICAL_PRICES,IEX,,2021-01-13 06:16:52,-0.20595069711052744,-0.20595069711052744,156.94,157.19,158.39,155.16,315099,155.6634,155.9113,157.1016,153.8979,315099,"Jul 9, 20",0.25,0.0016
164,2020-07-10 00:00:00,156.94,157.7,155.825,157.24,IEX,252301,HISTORICAL_PRICES,IEX,,2021-01-13 06:16:59,-0.20721357850070726,-0.20721357850070726,157.24,156.94,157.7,155.825,252301,155.9609,155.6634,156.4172,154.5574,252301,"Jul 10, 20",-2.5,-0.0157
163,2020-07-13 00:00:00,159.44,161.55,157.99,157.99,IEX,345607,HISTORICAL_PRICES,IEX,,2021-01-13 06:16:36,-0.19458476459890892,-0.19458476459890892,157.99,159.44,161.55,157.99,345607,156.7048,158.143,160.2359,156.7048,345607,"Jul 13, 20",-3.3499999999999943,-0.0206
162,2020-07-14 00:00:00,162.79,163.295,159.03,159.08,IEX,373124,HISTORICAL_PRICES,IEX,,2021-01-13 06:16:45,-0.17766215397049917,-0.17766215397049917,159.08,162.79,163.295,159.03,373124,157.786,161.4658,161.9667,157.7364,373124,"Jul 14, 20",-5.3300000000000125,-0.0317
161,2020-07-15 00:00:00,168.12,168.47,163.31,164.33,IEX,599960,HISTORICAL_PRICES,IEX,,2021-01-13 06:16:57,-0.15073752273186503,-0.15073752273186503,164.33,168.12,168.47,163.31,599960,163.4954,167.2662,167.6144,162.4806,599960,"Jul 15, 20",-0.3400000000000034,-0.002
160,2020-07-16 00:00:00,168.46,169.145,167.0,167.76,IEX,332938,HISTORICAL_PRICES,IEX,,2021-01-13 06:16:46,-0.14902000404122046,-0.14902000404122046,167.76,168.46,169.145,167.0,332938,166.908,167.6045,168.286,166.1519,332938,"Jul 16, 20",-1.1099999999999852,-0.0065
159,2020-07-17 00:00:00,169.57,170.33,168.16,169.68,IEX,327158,HISTORICAL_PRICES,IEX,,2021-01-13 06:16:54,-0.14341281066882205,-0.14341281066882205,169.68,169.57,170.33,168.16,327158,168.8183,168.7088,169.465,167.306,327158,"Jul 17, 20",0.5900000000000034,0.0035
158,2020-07-20 00:00:00,168.98,170.25,167.13,169.2,IEX,342999,HISTORICAL_PRICES,IEX,,2021-01-13 06:16:35,-0.14639321074964648,-0.14639321074964648,169.2,168.98,170.25,167.13,342999,168.3407,168.1218,169.3854,166.2812,342999,"Jul 20, 20",-1.170000000000016,-0.0069
157,2020-07-21 00:00:00,170.15,171.88,169.01,169.46,IEX,417154,HISTORICAL_PRICES,IEX,,2021-01-13 06:16:35,-0.14048292584360478,-0.14048292584360478,169.46,170.15,171.88,169.01,417154,168.5994,169.2859,171.0071,168.1517,417154,"Jul 21, 20",0.8100000000000023,0.0048
156,2020-07-22 00:00:00,169.34,171.725,169.28,170.15,IEX,467128,HISTORICAL_PRICES,IEX,,2021-01-13 06:16:49,-0.14457466154778745,-0.14457466154778745,170.15,169.34,171.725,169.28,467128,169.2859,168.48,170.8529,168.4203,467128,"Jul 22, 20",-1.5699999999999932,-0.0092
155,2020-07-23 00:00:00,170.91,172.36,169.64,170.32,IEX,511197,HISTORICAL_PRICES,IEX,,2021-01-13 06:16:36,-0.13664376641745812,-0.13664376641745812,170.32,170.91,172.36,169.64,511197,169.455,170.042,171.4846,168.7785,511197,"Jul 23, 20",3.240000000000009,0.0193
154,2020-07-24 00:00:00,167.67,170.34,165.04,170.34,IEX,622187,HISTORICAL_PRICES,IEX,,2021-01-13 06:16:54,-0.15301070923418883,-0.15301070923418883,170.34,167.67,170.34,165.04,622187,169.4749,166.8185,169.4749,164.2018,622187,"Jul 24, 20",-1.8900000000000148,-0.0111
153,2020-07-27 00:00:00,169.56,171.03,167.11,168.54,IEX,503283,HISTORICAL_PRICES,IEX,,2021-01-13 06:16:59,-0.1434633259244292,-0.1434633259244292,168.54,169.56,171.03,167.11,503283,167.684,168.6989,170.1614,166.2613,503283,"Jul 27, 20",4.180000000000007,0.0253
152,2020-07-28 00:00:00,165.38,169.52,165.35,169.22,IEX,282507,HISTORICAL_PRICES,IEX,,2021-01-13 06:16:58,-0.16457870276823605,-0.16457870276823605,169.22,165.38,169.52,165.35,282507,168.3606,164.5401,168.6591,164.5102,282507,"Jul 28, 20",-1.2199999999999989,-0.0073
151,2020-07-29 00:00:00,166.6,167.795,165.905,166.38,IEX,266680,HISTORICAL_PRICES,IEX,,2021-01-13 06:16:55,-0.15841584158415847,-0.15841584158415847,166.38,166.6,167.795,165.905,266680,165.535,165.7539,166.9428,165.0624,266680,"Jul 29, 20",2.0,0.0122
150,2020-07-30 00:00:00,164.6,165.65,162.605,164.94,IEX,332661,HISTORICAL_PRICES,IEX,,2021-01-13 06:16:35,-0.16851889270559714,-0.16851889270559714,164.94,164.6,165.65,162.605,332661,164.1023,163.7641,164.8087,161.7792,332661,"Jul 30, 20",-0.21999999999999886,-0.0013
149,2020-07-31 00:00:00,164.82,165.12,162.78,164.3,IEX,302863,HISTORICAL_PRICES,IEX,,2021-01-13 06:16:51,-0.1674075570822389,-0.1674075570822389,164.3,164.82,165.12,162.78,302863,163.4656,163.9829,164.2814,161.9533,302863,"Jul 31, 20",-1.4699999999999989,-0.0088
148,2020-08-03 00:00:00,166.29,167.5717,165.36,165.58,IEX,350847,HISTORICAL_PRICES,IEX,,2021-01-13 06:16:52,-0.1599818145079815,-0.1599818145079815,165.58,166.29,167.5717,165.36,350847,164.7391,165.4455,166.7207,164.5202,350847,"Aug 3, 20",1.2399999999999807,0.0075
147,2020-08-04 00:00:00,165.05,166.03,164.33,165.44,IEX,225532,HISTORICAL_PRICES,IEX,,2021-01-13 06:16:49,-0.16624570620327336,-0.16624570620327336,165.44,165.05,166.03,164.33,225532,164.5998,164.2118,165.1868,163.4954,225532,"Aug 4, 20",-1.0999999999999943,-0.0066
146,2020-08-05 00:00:00,166.15,167.36,165.82,165.96,IEX,332381,HISTORICAL_PRICES,IEX,,2021-01-13 06:16:56,-0.1606890280864821,-0.1606890280864821,165.96,166.15,167.36,165.82,332381,165.1171,165.3062,166.51,164.9779,332381,"Aug 5, 20",-0.37000000000000455,-0.0022
145,2020-08-06 00:00:00,166.52,166.6208,164.58,166.07,IEX,201319,HISTORICAL_PRICES,IEX,,2021-01-13 06:16:55,-0.15881996362901593,-0.15881996362901593,166.07,166.52,166.6208,164.58,201319,165.2266,165.6743,165.7746,163.7442,201319,"Aug 6, 20",-1.0199999999999818,-0.0061
144,2020-08-07 00:00:00,167.54,167.56,165.705,166.66,IEX,365689,HISTORICAL_PRICES,IEX,,2021-01-13 06:16:55,-0.1536674075570823,-0.1536674075570823,166.66,167.54,167.56,165.705,365689,165.8136,166.6891,166.709,164.8634,365689,"Aug 7, 20",-3.670000000000016,-0.0214
143,2020-08-10 00:00:00,171.21,171.25,167.22,167.22,IEX,460978,HISTORICAL_PRICES,IEX,,2021-01-13 06:16:57,-0.13512830874924225,-0.13512830874924225,167.22,171.21,171.25,167.22,460978,166.3707,170.3405,170.3803,166.3707,460978,"Aug 10, 20",-2.8100000000000023,-0.0161
142,2020-08-11 00:00:00,174.02,175.96,171.44,172.0,IEX,499368,HISTORICAL_PRICES,IEX,,2021-01-13 06:16:46,-0.12093352192362092,-0.12093352192362092,172.0,174.02,175.96,171.44,499368,171.1265,173.1362,175.0664,170.5693,499368,"Aug 11, 20",-2.9599999999999795,-0.0167
141,2020-08-12 00:00:00,176.98,177.62,174.26,175.21,IEX,407245,HISTORICAL_PRICES,IEX,,2021-01-13 06:16:55,-0.10598100626389179,-0.10598100626389179,175.21,176.98,177.62,174.26,407245,174.3202,176.0812,176.7179,173.375,407245,"Aug 12, 20",2.119999999999976,0.0121
140,2020-08-13 00:00:00,174.86,175.85,173.64,175.85,IEX,276703,HISTORICAL_PRICES,IEX,,2021-01-13 06:16:51,-0.11669024045261665,-0.11669024045261665,175.85,174.86,175.85,173.64,276703,174.9569,173.9719,174.9569,172.7581,276703,"Aug 13, 20",-1.839999999999975,-0.0104
139,2020-08-14 00:00:00,176.7,177.08,173.44,173.82,IEX,429288,HISTORICAL_PRICES,IEX,,2021-01-13 06:16:49,-0.10739543342089321,-0.10739543342089321,173.82,176.7,177.08,173.44,429288,172.9372,175.8026,176.1807,172.5592,429288,"Aug 14, 20",1.839999999999975,0.0105
138,2020-08-17 00:00:00,174.86,177.12,174.17,176.66,IEX,295460,HISTORICAL_PRICES,IEX,,2021-01-13 06:16:57,-0.11669024045261665,-0.11669024045261665,176.66,174.86,177.12,174.17,295460,175.7628,173.9719,176.2205,173.2855,295460,"Aug 17, 20",-1.6999999999999886,-0.0096
137,2020-08-18 00:00:00,176.56,177.18,174.81,174.81,IEX,377192,HISTORICAL_PRICES,IEX,,2021-01-13 06:16:43,-0.10810264699939384,-0.10810264699939384,174.81,176.56,177.18,174.81,377192,173.9222,175.6633,176.2802,173.9222,377192,"Aug 18, 20",0.7700000000000102,0.0044
136,2020-08-19 00:00:00,175.79,177.5707,175.38,177.22,IEX,300931,HISTORICAL_PRICES,IEX,,2021-01-13 06:16:51,-0.11199232168114778,-0.11199232168114778,177.22,175.79,177.5707,175.38,300931,176.32,174.8972,176.6689,174.4893,300931,"Aug 19, 20",-0.4900000000000091,-0.0028
135,2020-08-20 00:00:00,176.28,176.31,173.58,174.49,IEX,370380,HISTORICAL_PRICES,IEX,,2021-01-13 06:16:46,-0.10951707415639526,-0.10951707415639526,174.49,176.28,176.31,173.58,370380,173.6038,175.3847,175.4146,172.6984,370380,"Aug 20, 20",-2.569999999999993,-0.0144
134,2020-08-21 00:00:00,178.85,179.58,175.84,176.38,IEX,637142,HISTORICAL_PRICES,IEX,,2021-01-13 06:16:57,-0.0965346534653466,-0.0965346534653466,176.38,178.85,179.58,175.84,637142,175.4842,177.9417,178.668,174.947,637142,"Aug 21, 20",-1.740000000000009,-0.0096
133,2020-08-24 00:00:00,180.59,181.13,178.87,179.02,IEX,337735,HISTORICAL_PRICES,IEX,,2021-01-13 06:16:49,-0.08774499898969491,-0.08774499898969491,179.02,180.59,181.13,178.87,337735,178.1108,179.6728,180.2101,177.9616,337735,"Aug 24, 20",0.8900000000000148,0.005
132,2020-08-25 00:00:00,179.7,181.085,179.11,180.9,IEX,480560,HISTORICAL_PRICES,IEX,,2021-01-13 06:16:35,-0.0922408567387352,-0.0922408567387352,180.9,179.7,181.085,179.11,480560,179.9813,178.7874,180.1653,178.2004,480560,"Aug 25, 20",-0.30000000000001137,-0.0017
131,2020-08-26 00:00:00,180.0,180.59,178.38,179.53,IEX,280883,HISTORICAL_PRICES,IEX,,2021-01-13 06:16:53,-0.09072539907051934,-0.09072539907051934,179.53,180.0,180.59,178.38,280883,178.6182,179.0858,179.6728,177.4741,280883,"Aug 26, 20",1.259999999999991,0.007
130,2020-08-27 00:00:00,178.74,181.25,178.68,180.63,IEX,335459,HISTORICAL_PRICES,IEX,,2021-01-13 06:16:35,-0.09709032127702565,-0.09709032127702565,180.63,178.74,181.25,178.68,335459,179.7126,177.8322,180.3295,177.7725,335459,"Aug 27, 20",-2.1499999999999773,-0.0119
129,2020-08-28 00:00:00,180.89,180.9,177.63,178.73,IEX,284692,HISTORICAL_PRICES,IEX,,2021-01-13 06:16:45,-0.0862295413214792,-0.0862295413214792,178.73,180.89,180.9,177.63,284692,177.8223,179.9713,179.9813,176.7279,284692,"Aug 28, 20",0.6599999999999966,0.0037
128,2020-08-31 00:00:00,180.23,180.69,178.97,180.69,IEX,361799,HISTORICAL_PRICES,IEX,,2021-01-13 06:16:57,-0.08956354819155393,-0.08956354819155393,180.69,180.23,180.69,178.97,361799,179.7723,179.3147,179.7723,178.0611,361799,"Aug 31, 20",-1.8500000000000227,-0.0102
127,2020-09-01 00:00:00,182.08,182.56,178.81,179.55,IEX,234189,HISTORICAL_PRICES,IEX,,2021-01-13 06:16:45,-0.08021822590422305,-0.08021822590422305,179.55,182.08,182.56,178.81,234189,178.6381,181.1553,181.6328,177.9019,234189,"Sep 1, 20",-2.089999999999975,-0.0113
126,2020-09-02 00:00:00,184.17,185.18,181.98,182.43,IEX,319120,HISTORICAL_PRICES,IEX,,2021-01-13 06:16:55,-0.06966053748231976,-0.06966053748231976,182.43,184.17,185.18,181.98,319120,181.5035,183.2347,184.2395,181.0558,319120,"Sep 2, 20",4.019999999999982,0.0223
125,2020-09-03 00:00:00,180.15,184.48,178.97,184.48,IEX,328785,HISTORICAL_PRICES,IEX,,2021-01-13 06:16:46,-0.0899676702364114,-0.0899676702364114,184.48,180.15,184.48,178.97,328785,183.5431,179.2351,183.5431,178.0611,328785,"Sep 3, 20",2.530000000000001,0.0142
124,2020-09-04 00:00:00,177.62,183.2,176.9,182.72,IEX,440459,HISTORICAL_PRICES,IEX,,2021-01-13 06:16:56,-0.10274802990503133,-0.10274802990503133,182.72,177.62,183.2,176.9,440459,181.792,176.7179,182.2696,176.0016,440459,"Sep 4, 20",1.6100000000000136,0.0091
123,2020-09-08 00:00:00,176.01,178.94,173.98,176.86,IEX,368727,HISTORICAL_PRICES,IEX,,2021-01-13 06:16:49,-0.11088098605778954,-0.11088098605778954,176.86,176.01,178.94,173.98,368727,175.9618,175.1161,178.0312,173.0964,368727,"Sep 8, 20",-3.680000000000007,-0.0205
122,2020-09-09 00:00:00,179.69,181.46,176.2,177.22,IEX,282807,HISTORICAL_PRICES,IEX,,2021-01-13 06:16:36,-0.09229137199434234,-0.09229137199434234,177.22,179.69,181.46,176.2,282807,176.32,178.7774,180.5384,175.3051,282807,"Sep 9, 20",2.289999999999992,0.0129
121,2020-09-10 00:00:00,177.4,180.53,177.33,179.86,IEX,353731,HISTORICAL_PRICES,IEX,,2021-01-13 06:16:43,-0.10385936552838958,-0.10385936552838958,179.86,177.4,180.53,177.33,353731,178.9466,176.499,179.6132,176.4294,353731,"Sep 10, 20",-3.719999999999999,-0.0205
120,2020-09-11 00:00:00,181.12,181.55,177.97,178.39,IEX,356430,HISTORICAL_PRICES,IEX,,2021-01-13 06:16:36,-0.08506769044251365,-0.08506769044251365,178.39,181.12,181.55,177.97,356430,177.484,180.2002,180.628,177.0662,356430,"Sep 11, 20",-2.9799999999999898,-0.0162
119,2020-09-14 00:00:00,184.1,184.65,181.42,181.82,IEX,360705,HISTORICAL_PRICES,IEX,,2021-01-13 06:16:59,-0.07001414427157009,-0.07001414427157009,181.82,184.1,184.65,181.42,360705,180.8966,183.165,183.7122,180.4986,360705,"Sep 14, 20",-2.1100000000000136,-0.0113
118,2020-09-15 00:00:00,186.21,186.63,184.2,184.2,IEX,304263,HISTORICAL_PRICES,IEX,,2021-01-13 06:16:35,-0.05935542533845221,-0.05935542533845221,184.2,186.21,186.63,184.2,304263,183.2645,185.2643,185.6822,183.2645,304263,"Sep 15, 20",-0.25,-0.0013
117,2020-09-16 00:00:00,186.46,188.14,185.68,187.22,IEX,357877,HISTORICAL_PRICES,IEX,,2021-01-13 06:16:44,-0.058092543948272374,-0.058092543948272374,187.22,186.46,188.14,185.68,357877,186.2692,185.513,187.1845,184.737,357877,"Sep 16, 20",-0.060000000000002274,-0.0003
116,2020-09-17 00:00:00,186.52,188.17,183.13,185.31,IEX,383709,HISTORICAL_PRICES,IEX,,2021-01-13 06:16:45,-0.057789452414629204,-0.057789452414629204,185.31,186.52,188.17,183.13,383709,184.3689,185.5727,187.2144,182.1999,383709,"Sep 17, 20",0.4800000000000182,0.0026
115,2020-09-18 00:00:00,186.04,187.5,184.88,186.16,IEX,572452,HISTORICAL_PRICES,IEX,,2021-01-13 06:16:54,-0.060214184683774576,-0.060214184683774576,186.16,186.04,187.5,184.88,572452,185.2146,185.0952,186.5478,183.9411,572452,"Sep 18, 20",7.789999999999992,0.0437
114,2020-09-21 00:00:00,178.25,184.16,176.5,183.57,IEX,498975,HISTORICAL_PRICES,IEX,,2021-01-13 06:16:53,-0.09956556880177818,-0.09956556880177818,183.57,178.25,184.16,176.5,498975,182.6377,177.3447,183.2247,175.6036,498975,"Sep 21, 20",-2.0900000000000034,-0.0116
113,2020-09-22 00:00:00,180.34,180.785,177.53,179.06,IEX,395272,HISTORICAL_PRICES,IEX,,2021-01-13 06:16:46,-0.08900788037987474,-0.08900788037987474,179.06,180.34,180.785,177.53,395272,178.1506,179.4241,179.8669,176.6284,395272,"Sep 22, 20",3.8300000000000125,0.0217
112,2020-09-23 00:00:00,176.51,181.59,176.4,180.12,IEX,275296,HISTORICAL_PRICES,IEX,,2021-01-13 06:16:53,-0.10835522327742987,-0.10835522327742987,180.12,176.51,181.59,176.4,275296,179.2052,175.6136,180.6678,175.5041,275296,"Sep 23, 20",-1.25,-0.007
111,2020-09-24 00:00:00,177.76,179.82,175.585,176.96,IEX,251549,HISTORICAL_PRICES,IEX,,2021-01-13 06:16:58,-0.1020408163265307,-0.1020408163265307,176.96,177.76,179.82,175.585,251549,176.0613,176.8572,178.9068,174.6933,251549,"Sep 24, 20",-1.2700000000000102,-0.0071
110,2020-09-25 00:00:00,179.03,179.86,175.92,176.83,IEX,342064,HISTORICAL_PRICES,IEX,,2021-01-13 06:16:44,-0.09562537886441709,-0.09562537886441709,176.83,179.03,179.86,175.92,342064,175.9319,178.1208,178.9466,175.0266,342064,"Sep 25, 20",-2.289999999999992,-0.0126
109,2020-09-28 00:00:00,181.32,183.47,180.83,180.87,IEX,214284,HISTORICAL_PRICES,IEX,,2021-01-13 06:16:56,-0.08405738533036984,-0.08405738533036984,180.87,181.32,183.47,180.83,214284,179.9514,180.3991,182.5382,179.9116,214284,"Sep 28, 20",-0.4300000000000068,-0.0024
108,2020-09-29 00:00:00,181.75,182.665,180.68,180.68,IEX,204193,HISTORICAL_PRICES,IEX,,2021-01-13 06:16:49,-0.0818852293392605,-0.0818852293392605,180.68,181.75,182.665,180.68,204193,179.7624,180.827,181.7373,179.7624,204193,"Sep 29, 20",-0.6599999999999966,-0.0036
107,2020-09-30 00:00:00,182.41,183.81,180.34,182.87,IEX,494716,HISTORICAL_PRICES,IEX,,2021-01-13 06:16:59,-0.07855122246918575,-0.07855122246918575,182.87,182.41,183.81,180.34,494716,181.9413,181.4836,182.8765,179.4241,494716,"Sep 30, 20",4.289999999999992,0.0241
106,2020-10-01 00:00:00,178.12,185.21,177.1275,184.1,IEX,351680,HISTORICAL_PRICES,IEX,,2021-01-13 06:16:45,-0.10022226712467167,-0.10022226712467167,184.1,178.12,185.21,177.1275,351680,183.165,177.2154,184.2694,176.2279,351680,"Oct 1, 20",-1.799999999999983,-0.01
105,2020-10-02 00:00:00,179.92,181.7,176.225,176.52,IEX,228719,HISTORICAL_PRICES,IEX,,2021-01-13 06:16:35,-0.09112952111537695,-0.09112952111537695,176.52,179.92,181.7,176.225,228719,175.6235,179.0062,180.7772,175.33,228719,"Oct 2, 20",-2.990000000000009,-0.0163
104,2020-10-05 00:00:00,182.91,183.73,181.65,181.65,IEX,166030,HISTORICAL_PRICES,IEX,,2021-01-13 06:16:59,-0.07602545968882608,-0.07602545968882608,181.65,182.91,183.73,181.65,166030,180.7275,181.9811,182.7969,180.7275,166030,"Oct 5, 20",-0.8900000000000148,-0.0048
103,2020-10-06 00:00:00,183.8,186.91,181.93,182.96,IEX,277662,HISTORICAL_PRICES,IEX,,2021-01-13 06:16:35,-0.07152960193978579,-0.07152960193978579,182.96,183.8,186.91,181.93,277662,182.0308,182.8665,185.9607,181.006,277662,"Oct 6, 20",-5.3799999999999955,-0.0284
102,2020-10-07 00:00:00,189.18,189.35,185.55,185.66,IEX,343965,HISTORICAL_PRICES,IEX,,2021-01-13 06:16:36,-0.04435239442311578,-0.04435239442311578,185.66,189.18,189.35,185.55,343965,184.7171,188.2192,188.3884,184.6077,343965,"Oct 7, 20",-0.8199999999999932,-0.0043
101,2020-10-08 00:00:00,190.0,190.9589,189.105,190.02,IEX,333467,HISTORICAL_PRICES,IEX,,2021-01-13 06:16:35,-0.040210143463325965,-0.040210143463325965,190.02,190.0,190.9589,189.105,333467,189.055,189.0351,189.9891,188.1446,333467,"Oct 8, 20",-0.4099999999999966,-0.0022
100,2020-10-09 00:00:00,190.41,191.36,188.91,190.47,IEX,258426,HISTORICAL_PRICES,IEX,,2021-01-13 06:16:44,-0.03813901798343105,-0.03813901798343105,190.47,190.41,191.36,188.91,258426,189.5027,189.443,190.3881,187.9506,258426,"Oct 9, 20",1.2299999999999898,0.0065
99,2020-10-12 00:00:00,189.18,190.76,184.94,190.76,IEX,497286,HISTORICAL_PRICES,IEX,,2021-01-13 06:16:35,-0.04435239442311578,-0.04435239442311578,190.76,189.18,190.76,184.94,497286,189.7912,188.2192,189.7912,184.0008,497286,"Oct 12, 20",2.980000000000018,0.016
98,2020-10-13 00:00:00,186.2,189.17,184.85,188.27,IEX,321009,HISTORICAL_PRICES,IEX,,2021-01-13 06:16:59,-0.0594059405940595,-0.0594059405940595,188.27,186.2,189.17,184.85,321009,187.3138,185.2544,188.2093,183.9112,321009,"Oct 13, 20",-1.950000000000017,-0.0104
97,2020-10-14 00:00:00,188.15,189.32,184.81,185.15,IEX,408798,HISTORICAL_PRICES,IEX,,2021-01-13 06:16:46,-0.04955546575065671,-0.04955546575065671,185.15,188.15,189.32,184.81,408798,184.7057,187.6985,188.8657,184.3665,408798,"Oct 14, 20",-1.4699999999999989,-0.0078
96,2020-10-15 00:00:00,189.62,189.77,185.43,186.66,IEX,411757,HISTORICAL_PRICES,IEX,,2021-01-13 06:16:46,-0.042129723176399285,-0.042129723176399285,186.66,189.62,189.77,185.43,411757,186.2121,189.1649,189.3146,184.985,411757,"Oct 15, 20",-3.109999999999985,-0.0161
95,2020-10-16 00:00:00,192.73,193.14,190.54,190.54,IEX,1249854,HISTORICAL_PRICES,IEX,,2021-01-13 06:16:59,-0.026419478682562225,-0.026419478682562225,190.54,192.73,193.14,190.54,1249854,190.0827,192.2675,192.6765,190.0827,1249854,"Oct 16, 20",2.9899999999999807,0.0158
94,2020-10-19 00:00:00,189.74,193.8,188.47,193.36,IEX,329568,HISTORICAL_PRICES,IEX,,2021-01-13 06:16:53,-0.041523540109112946,-0.041523540109112946,193.36,189.74,193.8,188.47,329568,192.896,189.2847,193.3349,188.0177,329568,"Oct 19, 20",-1.1999999999999886,-0.0063
93,2020-10-20 00:00:00,190.94,194.3,190.67,190.72,IEX,372308,HISTORICAL_PRICES,IEX,,2021-01-13 06:16:46,-0.0354617094362498,-0.0354617094362498,190.72,190.94,194.3,190.67,372308,190.2623,190.4818,193.8337,190.2124,372308,"Oct 20, 20",0.4900000000000091,0.0026
92,2020-10-21 00:00:00,190.45,193.59,190.38,191.14,IEX,303776,HISTORICAL_PRICES,IEX,,2021-01-13 06:16:56,-0.03793695696100232,-0.03793695696100232,191.14,190.45,193.59,190.38,303776,190.6813,189.993,193.1254,189.9231,303776,"Oct 21, 20",1.3799999999999955,0.0073
91,2020-10-22 00:00:00,189.07,192.34,188.99,190.91,IEX,287720,HISTORICAL_PRICES,IEX,,2021-01-13 06:16:57,-0.04490806223479498,-0.04490806223479498,190.91,189.07,192.34,188.99,287720,190.4519,188.6163,191.8784,188.5365,287720,"Oct 22, 20",-2.5600000000000023,-0.0134
90,2020-10-23 00:00:00,191.63,191.805,189.02,190.46,IEX,298204,HISTORICAL_PRICES,IEX,,2021-01-13 06:16:52,-0.031976156799353464,-0.031976156799353464,190.46,191.63,191.805,189.02,298204,190.0029,191.1701,191.3447,188.5664,298204,"Oct 23, 20",1.549999999999983,0.0082
89,2020-10-26 00:00:00,190.08,190.49,186.84,190.16,IEX,299062,HISTORICAL_PRICES,IEX,,2021-01-13 06:16:55,-0.039806021418468354,-0.039806021418468354,190.16,190.08,190.49,186.84,299062,189.7037,189.6238,190.0329,186.3916,299062,"Oct 26, 20",4.0800000000000125,0.0219
88,2020-10-27 00:00:00,186.0,190.105,185.95,189.37,IEX,527270,HISTORICAL_PRICES,IEX,,2021-01-13 06:16:52,-0.06041624570620331,-0.06041624570620331,189.37,186.0,190.105,185.95,527270,188.9155,185.5536,189.6488,185.5038,527270,"Oct 27, 20",13.430000000000007,0.0778
87,2020-10-28 00:00:00,172.57,180.0,172.29,176.54,IEX,1124967,HISTORICAL_PRICES,IEX,,2021-01-13 06:16:49,-0.12825823398666406,-0.12825823398666406,176.54,172.57,180.0,172.29,1124967,176.1163,172.1559,179.568,171.8765,1124967,"Oct 28, 20",3.8400000000000034,0.0228
86,2020-10-29 00:00:00,168.73,173.73,167.73,172.73,IEX,1167115,HISTORICAL_PRICES,IEX,,2021-01-13 06:16:51,-0.1476560921398263,-0.1476560921398263,172.73,168.73,173.73,167.73,1167115,172.3155,168.3251,173.3131,167.3275,1167115,"Oct 29, 20",-1.6599999999999966,-0.0097
85,2020-10-30 00:00:00,170.39,170.41,166.51,169.17,IEX,682962,HISTORICAL_PRICES,IEX,,2021-01-13 06:16:46,-0.13927055970903224,-0.13927055970903224,169.17,170.39,170.41,166.51,682962,168.764,169.9811,170.001,166.1104,682962,"Oct 30, 20",-8.370000000000005,-0.0468
84,2020-11-02 00:00:00,178.76,178.84,172.45,172.97,IEX,648877,HISTORICAL_PRICES,IEX,,2021-01-13 06:16:46,-0.09698929076581135,-0.09698929076581135,172.97,178.76,178.84,172.45,648877,172.5549,178.331,178.4108,172.0362,648877,"Nov 2, 20",-1.6599999999999966,-0.0092
83,2020-11-03 00:00:00,180.42,184.27,178.83,180.99,IEX,505216,HISTORICAL_PRICES,IEX,,2021-01-13 06:16:51,-0.08860375833501727,-0.08860375833501727,180.99,180.42,184.27,178.83,505216,180.5557,179.987,183.8278,178.4008,505216,"Nov 3, 20",3.519999999999982,0.0199
82,2020-11-04 00:00:00,176.9,182.01,176.85,182.01,IEX,319947,HISTORICAL_PRICES,IEX,,2021-01-13 06:16:54,-0.10638512830874924,-0.10638512830874924,182.01,176.9,182.01,176.85,319947,181.5732,176.4755,181.5732,176.4256,319947,"Nov 4, 20",-0.8700000000000045,-0.0049
81,2020-11-05 00:00:00,177.77,181.74,176.97,179.51,IEX,504613,HISTORICAL_PRICES,IEX,,2021-01-13 06:16:44,-0.1019903010709234,-0.1019903010709234,179.51,177.77,181.74,176.97,504613,179.0792,177.3434,181.3039,176.5453,504613,"Nov 5, 20",-5.25,-0.0287
80,2020-11-06 00:00:00,183.02,183.51,176.62,177.41,IEX,437050,HISTORICAL_PRICES,IEX,,2021-01-13 06:16:58,-0.07546979187714688,-0.07546979187714688,177.41,183.02,183.51,176.62,437050,176.9843,182.5808,183.0696,176.1961,437050,"Nov 6, 20",-4.789999999999992,-0.0255
79,2020-11-09 00:00:00,187.81,196.56,187.6,191.38,IEX,717070,HISTORICAL_PRICES,IEX,,2021-01-13 06:16:36,-0.0512729844413013,-0.0512729844413013,191.38,187.81,196.56,187.6,717070,190.9207,187.3593,196.0883,187.1498,717070,"Nov 9, 20",-8.150000000000006,-0.0416
78,2020-11-10 00:00:00,195.96,197.5,187.39,188.92,IEX,702866,HISTORICAL_PRICES,IEX,,2021-01-13 06:16:54,-0.010103051121438673,-0.010103051121438673,188.92,195.96,197.5,187.39,702866,188.4666,195.4897,197.026,186.9403,702866,"Nov 10, 20",4.52000000000001,0.0236
77,2020-11-11 00:00:00,191.44,196.22,190.6,196.22,IEX,438319,HISTORICAL_PRICES,IEX,,2021-01-13 06:16:43,-0.03293594665589013,-0.03293594665589013,196.22,191.44,196.22,190.6,438319,195.7491,190.9806,195.7491,190.1426,438319,"Nov 11, 20",2.4000000000000057,0.0127
76,2020-11-12 00:00:00,189.04,191.0065,186.73,190.54,IEX,422251,HISTORICAL_PRICES,IEX,,2021-01-13 06:16:58,-0.04505960800161657,-0.04505960800161657,190.54,189.04,191.0065,186.73,422251,190.0827,188.5863,190.5481,186.2819,422251,"Nov 12, 20",-4.1299999999999955,-0.0214
75,2020-11-13 00:00:00,193.17,193.87,189.42,190.78,IEX,373803,HISTORICAL_PRICES,IEX,,2021-01-13 06:16:49,-0.02419680743584573,-0.02419680743584573,190.78,193.17,193.87,189.42,373803,190.3222,192.7064,193.4047,188.9654,373803,"Nov 13, 20",-4.090000000000003,-0.0207
74,2020-11-16 00:00:00,197.26,197.48,193.6,195.61,IEX,371892,HISTORICAL_PRICES,IEX,,2021-01-13 06:16:55,-0.003536067892503622,-0.003536067892503622,195.61,197.26,197.48,193.6,371892,195.1406,196.7866,197.0061,193.1354,371892,"Nov 16, 20",0.06999999999999318,0.0004
73,2020-11-17 00:00:00,197.19,197.85,194.115,196.41,IEX,360356,HISTORICAL_PRICES,IEX,,2021-01-13 06:16:43,-0.003889674681753941,-0.003889674681753941,196.41,197.19,197.85,194.115,360356,195.9387,196.7168,197.3752,193.6492,360356,"Nov 17, 20",-0.27000000000001023,-0.0014
72,2020-11-18 00:00:00,197.46,199.5,195.16,196.63,IEX,477795,HISTORICAL_PRICES,IEX,,2021-01-13 06:16:53,-0.0025257627803596683,-0.0025257627803596683,196.63,197.46,199.5,195.16,477795,196.1581,196.9861,199.0212,194.6917,477795,"Nov 18, 20",1.3900000000000148,0.0071
71,2020-11-19 00:00:00,196.07,197.61,194.17,196.9,IEX,274370,HISTORICAL_PRICES,IEX,,2021-01-13 06:16:51,-0.009547383309759622,-0.009547383309759622,196.9,196.07,197.61,194.17,274370,196.4275,195.5995,197.1358,193.704,274370,"Nov 19, 20",2.0999999999999943,0.0108
70,2020-11-20 00:00:00,193.97,195.92,192.49,195.92,IEX,407901,HISTORICAL_PRICES,IEX,,2021-01-13 06:16:58,-0.0201555869872702,-0.0201555869872702,195.92,193.97,195.92,192.49,407901,195.4498,193.5045,195.4498,192.0281,407901,"Nov 20, 20",0.5900000000000034,0.0031
69,2020-11-23 00:00:00,193.38,195.64,192.76,195.0,IEX,407293,HISTORICAL_PRICES,IEX,,2021-01-13 06:16:35,-0.023135987068094627,-0.023135987068094627,195.0,193.38,195.64,192.76,407293,194.532,192.9159,195.1705,192.2974,407293,"Nov 23, 20",-1.1100000000000136,-0.0057
68,2020-11-24 00:00:00,194.49,195.94,192.61,194.64,IEX,486606,HISTORICAL_PRICES,IEX,,2021-01-13 06:16:43,-0.017528793695696095,-0.017528793695696095,194.64,194.49,195.94,192.61,486606,194.1729,194.0233,195.4698,192.1478,486606,"Nov 24, 20",2.8200000000000216,0.0147
67,2020-11-25 00:00:00,191.67,194.78,189.89,194.78,IEX,514415,HISTORICAL_PRICES,IEX,,2021-01-13 06:16:49,-0.031774095776924735,-0.031774095776924735,194.78,191.67,194.78,189.89,514415,194.3126,191.21,194.3126,189.4343,514415,"Nov 25, 20",-0.6900000000000261,-0.0036
66,2020-11-27 00:00:00,192.36,193.4344,191.0,192.8,IEX,95667,HISTORICAL_PRICES,IEX,,2021-01-13 06:16:57,-0.02828854314002826,-0.02828854314002826,192.8,192.36,193.4344,191.0,95667,192.3373,191.8984,192.9702,190.5416,95667,"Nov 27, 20",-0.789999999999992,-0.0041
65,2020-11-30 00:00:00,193.15,193.25,189.81,191.33,IEX,437788,HISTORICAL_PRICES,IEX,,2021-01-13 06:16:52,-0.024297837947060023,-0.024297837947060023,191.33,193.15,193.25,189.81,437788,190.8708,192.6865,192.7862,189.3545,437788,"Nov 30, 20",-1.9899999999999807,-0.0102
64,2020-12-01 00:00:00,195.14,198.775,194.77,196.01,IEX,552737,HISTORICAL_PRICES,IEX,,2021-01-13 06:16:52,-0.01424530208122864,-0.01424530208122864,196.01,195.14,198.775,194.77,552737,195.5396,194.6717,198.298,194.3026,552737,"Dec 1, 20",5.259999999999991,0.0277
63,2020-12-02 00:00:00,189.88,195.39,189.64,194.22,IEX,532060,HISTORICAL_PRICES,IEX,,2021-01-13 06:16:55,-0.040816326530612304,-0.040816326530612304,194.22,189.88,195.39,189.64,532060,193.7539,189.4243,194.9211,189.1849,532060,"Dec 2, 20",-0.37999999999999545,-0.002
62,2020-12-03 00:00:00,190.26,191.76,189.05,189.94,IEX,275112,HISTORICAL_PRICES,IEX,,2021-01-13 06:16:43,-0.038896746817538984,-0.038896746817538984,189.94,190.26,191.76,189.05,275112,189.4842,189.8034,191.2998,188.5963,275112,"Dec 3, 20",-2.5200000000000102,-0.0131
61,2020-12-04 00:00:00,192.78,193.205,191.29,191.5,IEX,285715,HISTORICAL_PRICES,IEX,,2021-01-13 06:16:35,-0.0261669024045262,-0.0261669024045262,191.5,192.78,193.205,191.29,285715,191.0404,192.3174,192.7413,190.8309,285715,"Dec 4, 20",1.8600000000000136,0.0097
60,2020-12-07 00:00:00,190.92,192.78,190.18,192.72,IEX,192561,HISTORICAL_PRICES,IEX,,2021-01-13 06:16:43,-0.035562739947464235,-0.035562739947464235,192.72,190.92,192.78,190.18,192561,192.2575,190.4618,192.3174,189.7236,192561,"Dec 7, 20",-3.160000000000025,-0.0163
59,2020-12-08 00:00:00,194.08,195.66,189.76,189.76,IEX,350503,HISTORICAL_PRICES,IEX,,2021-01-13 06:16:45,-0.019599919175591004,-0.019599919175591004,189.76,194.08,195.66,189.76,350503,189.3046,193.6142,195.1905,189.3046,350503,"Dec 8, 20",-0.37999999999999545,-0.002
58,2020-12-09 00:00:00,194.46,195.185,192.18,194.26,IEX,310474,HISTORICAL_PRICES,IEX,,2021-01-13 06:16:35,-0.01768033946251768,-0.01768033946251768,194.26,194.46,195.185,192.18,310474,193.7938,193.9933,194.7166,191.7188,310474,"Dec 9, 20",2.5900000000000034,0.0135
57,2020-12-10 00:00:00,191.87,194.82,191.045,194.09,IEX,329026,HISTORICAL_PRICES,IEX,,2021-01-13 06:16:51,-0.030763790664780778,-0.030763790664780778,194.09,191.87,194.82,191.045,329026,193.6242,191.4095,194.3525,190.5865,329026,"Dec 10, 20",-1.0600000000000023,-0.0055
56,2020-12-11 00:00:00,192.93,193.44,190.17,191.02,IEX,304257,HISTORICAL_PRICES,IEX,,2021-01-13 06:16:54,-0.025409173570418272,-0.025409173570418272,191.02,192.93,193.44,190.17,304257,190.5616,192.467,192.9758,189.7136,304257,"Dec 11, 20",0.2600000000000193,0.0013
55,2020-12-14 00:00:00,192.67,195.75,192.58,194.13,IEX,416461,HISTORICAL_PRICES,IEX,,2021-01-13 06:16:58,-0.026722570216205395,-0.026722570216205395,194.13,192.67,195.75,192.58,416461,193.6641,192.2076,195.2802,192.1178,416461,"Dec 14, 20",-3.730000000000018,-0.019
54,2020-12-15 00:00:00,196.4,197.675,193.88,193.88,IEX,454761,HISTORICAL_PRICES,IEX,,2021-01-13 06:16:46,-0.007880379874722176,-0.007880379874722176,193.88,196.4,197.675,193.88,454761,193.4147,195.9287,197.2006,193.4147,454761,"Dec 15, 20",1.0100000000000193,0.0052
53,2020-12-16 00:00:00,195.39,196.56,194.21,196.23,IEX,283971,HISTORICAL_PRICES,IEX,,2021-01-13 06:16:52,-0.012982420691048805,-0.012982420691048805,196.23,195.39,196.56,194.21,283971,195.7591,194.9211,196.0883,193.7439,283971,"Dec 16, 20",-2.490000000000009,-0.0126
52,2020-12-17 00:00:00,197.88,198.71,195.73,195.73,IEX,269533,HISTORICAL_PRICES,IEX,,2021-01-13 06:16:55,-0.0004041220448576101,-0.0004041220448576101,195.73,197.88,198.71,195.73,269533,195.2603,197.4051,198.2331,195.2603,269533,"Dec 17, 20",-0.6700000000000159,-0.0034
51,2020-12-18 00:00:00,198.55,199.4,195.77,198.01,IEX,663742,HISTORICAL_PRICES,IEX,,2021-01-13 06:16:36,0.002980400080824426,0.002980400080824426,198.01,198.55,199.4,195.77,663742,197.5348,198.0735,198.9215,195.3002,663742,"Dec 18, 20",0.21999999999999886,0.0011
50,2020-12-21 00:00:00,198.33,198.5,192.64,195.97,IEX,369199,HISTORICAL_PRICES,IEX,,2021-01-13 06:16:56,0.0018690644574661777,0.0018690644574661777,195.97,198.33,198.5,192.64,369199,195.4997,197.854,198.0236,192.1777,369199,"Dec 21, 20",1.9400000000000261,0.0099
49,2020-12-22 00:00:00,196.39,198.24,195.49,197.56,IEX,418177,HISTORICAL_PRICES,IEX,,2021-01-13 06:16:55,-0.007930895130329468,-0.007930895130329468,197.56,196.39,198.24,195.49,418177,197.0859,195.9187,197.7643,195.0209,418177,"Dec 22, 20",1.579999999999984,0.0081
48,2020-12-23 00:00:00,194.81,197.7,194.31,196.35,IEX,264964,HISTORICAL_PRICES,IEX,,2021-01-13 06:16:56,-0.01591230551626594,-0.01591230551626594,196.35,194.81,197.7,194.31,264964,195.8788,194.3425,197.2256,193.8437,264964,"Dec 23, 20",-1.75,-0.0089
47,2020-12-24 00:00:00,196.56,196.56,192.885,194.9,IEX,152883,HISTORICAL_PRICES,IEX,,2021-01-13 06:16:52,-0.0070721357850071,-0.0070721357850071,194.9,196.56,196.56,192.885,152883,194.4323,196.0883,196.0883,192.4221,152883,"Dec 24, 20",0.6500000000000057,0.0033
46,2020-12-28 00:00:00,195.91,198.8787,195.54,197.5,IEX,132784,HISTORICAL_PRICES,IEX,,2021-01-13 06:16:56,-0.010355627399474699,-0.010355627399474699,197.5,195.91,198.8787,195.54,132784,197.026,195.4399,198.4014,195.0707,132784,"Dec 28, 20",0.6800000000000068,0.0035
45,2020-12-29 00:00:00,195.23,197.31,193.06,196.43,IEX,179401,HISTORICAL_PRICES,IEX,,2021-01-13 06:16:53,-0.013790664780763882,-0.013790664780763882,196.43,195.23,197.31,193.06,179401,195.9586,194.7615,196.8365,192.5967,179401,"Dec 29, 20",-1.4000000000000057,-0.0071
44,2020-12-30 00:00:00,196.63,197.3,195.73,196.21,IEX,210519,HISTORICAL_PRICES,IEX,,2021-01-13 06:16:35,-0.006718528995756781,-0.006718528995756781,196.21,196.63,197.3,195.73,210519,195.7391,196.1581,196.8265,195.2603,210519,"Dec 30, 20",-2.569999999999993,-0.0129
43,2020-12-31 00:00:00,199.2,199.445,195.97,196.89,IEX,290028,HISTORICAL_PRICES,IEX,,2021-01-13 06:16:59,0.00626389169529188,0.00626389169529188,196.89,199.2,199.445,195.97,290028,196.4175,198.722,198.9664,195.4997,290028,"Dec 31, 20",3.8899999999999864,0.0199
42,2021-01-04 00:00:00,195.31,199.19,193.91,198.84,IEX,339492,HISTORICAL_PRICES,IEX,,2021-01-13 06:16:57,-0.013386542735906271,-0.013386542735906271,198.84,195.31,199.19,193.91,339492,198.3628,194.8413,198.712,193.4447,339492,"Jan 4, 21",0.37999999999999545,0.0019
41,2021-01-05 00:00:00,194.93,197.69,194.15,195.46,IEX,252711,HISTORICAL_PRICES,IEX,,2021-01-13 06:16:58,-0.015306122448979597,-0.015306122448979597,195.46,194.93,197.69,194.15,252711,194.9909,194.4622,197.2156,193.6841,252711,"Jan 5, 21",-7.25,-0.0359
40,2021-01-06 00:00:00,202.18,203.21,196.57,197.61,IEX,517038,HISTORICAL_PRICES,IEX,,2021-01-13 06:17:00,0.021317437866235595,0.021317437866235595,197.61,202.18,203.21,196.57,517038,197.1358,201.6948,202.7223,196.0983,517038,"Jan 6, 21",-6.060000000000002,-0.0291
39,2021-01-07 00:00:00,208.24,208.66,202.21,202.21,IEX,379880,HISTORICAL_PRICES,IEX,,2021-01-13 06:16:58,0.05192968276419479,0.05192968276419479,202.21,208.24,208.66,202.21,379880,201.7247,207.7403,208.1593,201.7247,379880,"Jan 7, 21",1.3200000000000216,0.0064
38,2021-01-08 00:00:00,206.92,208.95,204.16,207.75,IEX,250552,HISTORICAL_PRICES,IEX,,2021-01-13 06:16:52,0.04526166902404516,0.04526166902404516,207.75,206.92,208.95,204.16,250552,207.2514,206.4234,208.4486,203.6701,250552,"Jan 8, 21",-1.6500000000000057,-0.0079
37,2021-01-11 00:00:00,208.57,209.36,205.45,205.45,IEX,326397,HISTORICAL_PRICES,IEX,,2021-01-13 06:17:00,0.053596686199232094,0.053596686199232094,205.45,208.57,209.36,205.45,326397,204.957,208.0695,208.8576,204.957,326397,"Jan 11, 21",0.21999999999999886,0.0011
36,2021-01-12 00:00:00,208.35,211.71,207.15,209.33,IEX,317649,HISTORICAL_PRICES,IEX,,2021-01-13 06:16:51,0.05248535057587384,0.05248535057587384,209.33,208.35,211.71,207.15,317649,208.8276,207.85,211.2019,206.6529,317649,"Jan 12, 21",5.430000000000007,0.0268
35,2021-01-13 00:00:00,202.92,206.8,202.33,206.8,IEX,290778,HISTORICAL_PRICES,IEX,,2021-01-14 02:16:39,0.02505556678116781,0.02505556678116781,206.8,202.92,206.8,202.33,290778,206.8,202.92,206.8,202.33,290778,"Jan 13, 21",3.6399999999999864,0.0183
34,2021-01-14 00:00:00,199.28,202.19,198.75,199.89,IEX,400610,HISTORICAL_PRICES,IEX,,2021-01-15 02:00:27,0.006668013740149491,0.006668013740149491,199.89,199.28,202.19,198.75,400610,199.89,199.28,202.19,198.75,400610,"Jan 14, 21",5.240000000000009,0.027
33,2021-01-15 00:00:00,194.04,198.02,192.99,197.97,IEX,488880,HISTORICAL_PRICES,IEX,,2021-01-16 02:16:17,-0.019801980198019882,-0.019801980198019882,197.97,194.04,198.02,192.99,488880,197.97,194.04,198.02,192.99,488880,"Jan 15, 21",0.6099999999999852,0.0032
32,2021-01-19 00:00:00,193.43,196.88,193.26,195.16,IEX,630397,HISTORICAL_PRICES,IEX,,2021-01-20 02:16:17,-0.022883410790058602,-0.022883410790058602,195.16,193.43,196.88,193.26,630397,195.16,193.43,196.88,193.26,630397,"Jan 19, 21",-4.849999999999994,-0.0245
31,2021-01-20 00:00:00,198.28,199.48,194.53,194.72,IEX,847182,HISTORICAL_PRICES,IEX,,2021-01-21 02:16:20,0.0016164881794301534,0.0016164881794301534,194.72,198.28,199.48,194.53,847182,194.72,198.28,199.48,194.53,847182,"Jan 20, 21",2.75,0.0141
30,2021-01-21 00:00:00,195.53,199.76,193.53,197.98,IEX,408906,HISTORICAL_PRICES,IEX,,2021-01-22 02:16:14,-0.012275207112548023,-0.012275207112548023,197.98,195.53,199.76,193.53,408906,197.98,195.53,199.76,193.53,408906,"Jan 21, 21",-1.009999999999991,-0.0051
29,2021-01-22 00:00:00,196.54,197.66,193.71,195.12,IEX,401428,HISTORICAL_PRICES,IEX,,2021-01-23 02:16:17,-0.007173166296221539,-0.007173166296221539,195.12,196.54,197.66,193.71,401428,195.12,196.54,197.66,193.71,401428,"Jan 22, 21",2.4099999999999966,0.0124
28,2021-01-25 00:00:00,194.13,197.65,192.8,195.6,IEX,480153,HISTORICAL_PRICES,IEX,,2021-01-26 01:48:11,-0.019347342897555124,-0.019347342897555124,195.6,194.13,197.65,192.8,480153,195.6,194.13,197.65,192.8,480153,"Jan 25, 21",0.6999999999999886,0.0036
27,2021-01-26 00:00:00,193.43,196.01,191.28,195.48,IEX,225207,HISTORICAL_PRICES,IEX,,2021-01-27 01:48:32,-0.022883410790058602,-0.022883410790058602,195.48,193.43,196.01,191.28,225207,195.48,193.43,196.01,191.28,225207,"Jan 26, 21",5.099999999999994,0.0271
26,2021-01-27 00:00:00,188.33,192.36,186.26,190.8,IEX,421855,HISTORICAL_PRICES,IEX,,2021-01-28 01:48:16,-0.048646191149727194,-0.048646191149727194,190.8,188.33,192.36,186.26,421855,190.8,188.33,192.36,186.26,421855,"Jan 27, 21",-0.44999999999998863,-0.0024
25,2021-01-28 00:00:00,188.78,193.04,188.62,191.05,IEX,378754,HISTORICAL_PRICES,IEX,,2021-01-29 03:16:13,-0.04637300464740355,-0.04637300464740355,191.05,188.78,193.04,188.62,378754,191.05,188.78,193.04,188.62,378754,"Jan 28, 21",2.5900000000000034,0.0139
24,2021-01-29 00:00:00,186.19,188.73,185.23,188.01,IEX,549800,HISTORICAL_PRICES,IEX,,2021-01-30 02:16:13,-0.05945645584966665,-0.05945645584966665,188.01,186.19,188.73,185.23,549800,188.01,186.19,188.73,185.23,549800,"Jan 29, 21",-3.2299999999999898,-0.0171
23,2021-02-01 00:00:00,189.42,191.51,186.63,187.91,IEX,306481,HISTORICAL_PRICES,IEX,,2021-02-02 04:00:14,-0.04314002828854324,-0.04314002828854324,187.91,189.42,191.51,186.63,306481,187.91,189.42,191.51,186.63,306481,"Feb 1, 21",-4.380000000000024,-0.0226
22,2021-02-02 00:00:00,193.8,195.37,190.34,191.44,IEX,532477,HISTORICAL_PRICES,IEX,,2021-02-03 02:48:16,-0.021014346332592426,-0.021014346332592426,191.44,193.8,195.37,190.34,532477,191.44,193.8,195.37,190.34,532477,"Feb 2, 21",-0.9899999999999807,-0.0051
21,2021-02-03 00:00:00,194.79,195.54,192.83,193.72,IEX,480332,HISTORICAL_PRICES,IEX,,2021-02-04 01:48:10,-0.01601333602748038,-0.01601333602748038,193.72,194.79,195.54,192.83,480332,193.72,194.79,195.54,192.83,480332,"Feb 3, 21",5.1699999999999875,0.0273
20,2021-02-04 00:00:00,189.62,202.71,188.04,195.95,IEX,729889,HISTORICAL_PRICES,IEX,,2021-02-05 02:00:24,-0.042129723176399285,-0.042129723176399285,195.95,189.62,202.71,188.04,729889,195.95,189.62,202.71,188.04,729889,"Feb 4, 21",-2.7299999999999898,-0.0142
19,2021-02-05 00:00:00,192.35,195.17,190.56,190.56,IEX,1101677,HISTORICAL_PRICES,IEX,,2021-02-06 02:16:18,-0.02833905839563555,-0.02833905839563555,190.56,192.35,195.17,190.56,1101677,190.56,192.35,195.17,190.56,1101677,"Feb 5, 21",-6.0800000000000125,-0.0306
18,2021-02-08 00:00:00,198.43,199.39,191.69,193.25,IEX,870104,HISTORICAL_PRICES,IEX,,2021-02-09 01:48:15,0.0023742170135380826,0.0023742170135380826,193.25,198.43,199.39,191.69,870104,193.25,198.43,199.39,191.69,870104,"Feb 8, 21",0.8700000000000045,0.0044
17,2021-02-09 00:00:00,197.56,199.49,195.97,198.54,IEX,433016,HISTORICAL_PRICES,IEX,,2021-02-10 03:02:25,-0.0020206102242877636,-0.0020206102242877636,198.54,197.56,199.49,195.97,433016,198.54,197.56,199.49,195.97,433016,"Feb 9, 21",-1.8000000000000114,-0.009
16,2021-02-10 00:00:00,199.36,200.25,198.21,198.9,IEX,359762,HISTORICAL_PRICES,IEX,,2021-02-11 03:48:17,0.0070721357850071,0.0070721357850071,198.9,199.36,200.25,198.21,359762,198.9,199.36,200.25,198.21,359762,"Feb 10, 21",1.3600000000000136,0.0069
15,2021-02-11 00:00:00,198.0,200.23,196.8,199.94,IEX,484763,HISTORICAL_PRICES,IEX,,2021-02-12 01:48:10,0.00020206102242873328,0.00020206102242873328,199.94,198.0,200.23,196.8,484763,199.94,198.0,200.23,196.8,484763,"Feb 11, 21",-1.8700000000000045,-0.0094
14,2021-02-12 00:00:00,199.87,199.95,197.15,197.32,IEX,353314,HISTORICAL_PRICES,IEX,,2021-02-13 02:16:21,0.009648413820973917,0.009648413820973917,197.32,199.87,199.95,197.15,353314,197.32,199.87,199.95,197.15,353314,"Feb 12, 21",2.5800000000000125,0.0131
13,2021-02-16 00:00:00,197.29,202.88,197.28,200.12,IEX,449969,HISTORICAL_PRICES,IEX,,2021-02-17 02:00:19,-0.003384522125682036,-0.003384522125682036,200.12,197.29,202.88,197.28,449969,200.12,197.29,202.88,197.28,449969,"Feb 16, 21",3.789999999999992,0.0196
12,2021-02-17 00:00:00,193.5,196.81,192.67,196.81,IEX,570469,HISTORICAL_PRICES,IEX,,2021-02-18 02:48:14,-0.022529804000808284,-0.022529804000808284,196.81,193.5,196.81,192.67,570469,196.81,193.5,196.81,192.67,570469,"Feb 17, 21",-0.12000000000000455,-0.0006
11,2021-02-18 00:00:00,193.62,193.72,190.95,193.06,IEX,348995,HISTORICAL_PRICES,IEX,,2021-02-19 02:02:07,-0.02192362093352194,-0.02192362093352194,193.06,193.62,193.72,190.95,348995,193.06,193.62,193.72,190.95,348995,"Feb 18, 21",-3.1299999999999955,-0.0159
10,2021-02-19 00:00:00,196.75,197.94,194.4506,195.2,IEX,364486,HISTORICAL_PRICES,IEX,,2021-02-20 02:16:19,-0.006112345928470438,-0.006112345928470438,195.2,196.75,197.94,194.4506,364486,195.2,196.75,197.94,194.4506,364486,"Feb 19, 21",-0.5500000000000114,-0.0028
9,2021-02-22 00:00:00,197.3,197.99,194.58,195.2,IEX,360930,HISTORICAL_PRICES,IEX,,2021-02-23 05:00:20,-0.0033340068700747454,-0.0033340068700747454,195.2,197.3,197.99,194.58,360930,195.2,197.3,197.99,194.58,360930,"Feb 22, 21",0.4900000000000091,0.0025
8,2021-02-23 00:00:00,196.81,199.92,194.94,197.91,IEX,530192,HISTORICAL_PRICES,IEX,,2021-02-24 02:00:15,-0.005809254394827266,-0.005809254394827266,197.91,196.81,199.92,194.94,530192,197.91,196.81,199.92,194.94,530192,"Feb 23, 21",-1.1200000000000045,-0.0057
7,2021-02-24 00:00:00,197.93,199.77,196.03,196.32,IEX,353846,HISTORICAL_PRICES,IEX,,2021-02-25 02:00:22,-0.00015154576682158586,-0.00015154576682158586,196.32,197.93,199.77,196.03,353846,196.32,197.93,199.77,196.03,353846,"Feb 24, 21",0.8199999999999932,0.0042
6,2021-02-25 00:00:00,197.11,198.925,195.94,197.39,IEX,262542,HISTORICAL_PRICES,IEX,,2021-02-26 02:32:15,-0.004293796726611408,-0.004293796726611408,197.39,197.11,198.925,195.94,262542,197.39,197.11,198.925,195.94,262542,"Feb 25, 21",1.9400000000000261,0.0099
5,2021-02-26 00:00:00,195.17,197.64,194.54,197.6,IEX,342977,HISTORICAL_PRICES,IEX,,2021-02-27 02:16:16,-0.014093756314407053,-0.014093756314407053,197.6,195.17,197.64,194.54,342977,197.6,195.17,197.64,194.54,342977,"Feb 26, 21",-4.740000000000009,-0.0237
4,2021-03-01 00:00:00,199.91,202.4,196.5,196.5,IEX,267314,HISTORICAL_PRICES,IEX,,2021-03-02 02:16:18,0.00985047484340265,0.00985047484340265,196.5,199.91,202.4,196.5,267314,196.5,199.91,202.4,196.5,267314,"Mar 1, 21",0.13999999999998636,0.0007
3,2021-03-02 00:00:00,199.77,200.63,197.555,200.0,IEX,282384,HISTORICAL_PRICES,IEX,,2021-03-03 02:00:19,0.009143261264902012,0.009143261264902012,200.0,199.77,200.63,197.555,282384,200.0,199.77,200.63,197.555,282384,"Mar 2, 21",0.5900000000000034,0.003
2,2021-03-03 00:00:00,199.18,201.01,198.83,200.12,IEX,248607,HISTORICAL_PRICES,IEX,,2021-03-04 02:00:26,0.006162861184077585,0.006162861184077585,200.12,199.18,201.01,198.83,248607,200.12,199.18,201.01,198.83,248607,"Mar 3, 21",4.050000000000011,0.0208
1,2021-03-04 00:00:00,195.13,199.14,192.55,198.4,IEX,351285,HISTORICAL_PRICES,IEX,,2021-03-05 02:00:26,-0.014295817336835787,-0.014295817336835787,198.4,195.13,199.14,192.55,351285,198.4,195.13,199.14,192.55,351285,"Mar 4, 21",-2.8300000000000125,-0.0143
0,2021-03-05 00:00:00,197.96,198.33,191.38,197.27,IEX,412799,HISTORICAL_PRICES,IEX,,2021-03-06 02:16:14,0.0,0.0,197.27,197.96,198.33,191.38,412799,197.27,197.96,198.33,191.38,412799,"Mar 5, 21",0.0,0.0
